player,user_team,opp_team,stat,created_at,lineup,lineup_created_at,time_period,is_opp,player_id,game_id,team_id,opp_id,court_pos_x,court_pos_y,game_time_sec,GameFolder,Date,Opponent,Location,GameType,Result
Evolve 2012,Dynasty,Evolve 2012,FloorTime,2026-10-03T03:40:47Z,"#8 A. Concepcion,#15 A. Weekes,#21 K. Panginiban,#22 J. Castres,#25 M. Jarme",2026-10-03T03:40:47Z,1,1,5329846D,D4FD54F9,4936F2AF,37358799,,,300,09-25-26 Evolve 2012,09-25-2026,Evolve 2012,Sport Manitoba,Exhibition,L
#25 M. Jarme,Dynasty,Evolve 2012,FloorTime,2026-10-03T03:44:16Z,"#8 A. Concepcion,#15 A. Weekes,#21 K. Panginiban,#22 J. Castres,#25 M. Jarme",2026-10-03T03:44:16Z,1,0,7A8D9B70,D4FD54F9,4936F2AF,37358799,,,300,09-25-26 Evolve 2012,09-25-2026,Evolve 2012,Sport Manitoba,Exhibition,L
#22 J. Castres,Dynasty,Evolve 2012,FloorTime,2026-10-03T03:44:16Z,"#8 A. Concepcion,#15 A. Weekes,#21 K. Panginiban,#22 J. Castres,#25 M. Jarme",2026-10-03T03:44:16Z,1,0,CAC97357,D4FD54F9,4936F2AF,37358799,,,300,09-25-26 Evolve 2012,09-25-2026,Evolve 2012,Sport Manitoba,Exhibition,L
#21 K. Panginiban,Dynasty,Evolve 2012,FloorTime,2026-10-03T03:44:16Z,"#8 A. Concepcion,#15 A. Weekes,#21 K. Panginiban,#22 J. Castres,#25 M. Jarme",2026-10-03T03:44:16Z,1,0,75AA519B,D4FD54F9,4936F2AF,37358799,,,300,09-25-26 Evolve 2012,09-25-2026,Evolve 2012,Sport Manitoba,Exhibition,L
#15 A. Weekes,Dynasty,Evolve 2012,FloorTime,2026-10-03T03:44:16Z,"#8 A. Concepcion,#15 A. Weekes,#21 K. Panginiban,#22 J. Castres,#25 M. Jarme",2026-10-03T03:44:16Z,1,0,70E5F122,D4FD54F9,4936F2AF,37358799,,,300,09-25-26 Evolve 2012,09-25-2026,Evolve 2012,Sport Manitoba,Exhibition,L
#8 A. Concepcion,Dynasty,Evolve 2012,FloorTime,2026-10-03T03:44:16Z,"#8 A. Concepcion,#15 A. Weekes,#21 K. Panginiban,#22 J. Castres,#25 M. Jarme",2026-10-03T03:44:16Z,1,0,B2DB5FC6,D4FD54F9,4936F2AF,37358799,,,300,09-25-26 Evolve 2012,09-25-2026,Evolve 2012,Sport Manitoba,Exhibition,L
Evolve 2012,Dynasty,Evolve 2012,TwoPointFG,2026-10-03T03:44:57Z,"#8 A. Concepcion,#15 A. Weekes,#21 K. Panginiban,#22 J. Castres,#25 M. Jarme",2026-10-03T03:40:47Z,1,1,5329846D,D4FD54F9,4936F2AF,37358799,26.29,17.69,0,09-25-26 Evolve 2012,09-25-2026,Evolve 2012,Sport Manitoba,Exhibition,L
Evolve 2012,Dynasty,Evolve 2012,Foul,2026-10-03T19:07:35Z,"#8 A. Concepcion,#15 A. Weekes,#21 K. Panginiban,#22 J. Castres,#25 M. Jarme",2026-10-03T03:40:47Z,1,1,5329846D,D4FD54F9,4936F2AF,37358799,,,0,09-25-26 Evolve 2012,09-25-2026,Evolve 2012,Sport Manitoba,Exhibition,L
#25 M. Jarme,Dynasty,Evolve 2012,OnePointFGMiss,2026-10-03T19:08:23Z,"#8 A. Concepcion,#15 A. Weekes,#21 K. Panginiban,#22 J. Castres,#25 M. Jarme",2026-10-03T03:44:16Z,1,0,7A8D9B70,D4FD54F9,4936F2AF,37358799,,,0,09-25-26 Evolve 2012,09-25-2026,Evolve 2012,Sport Manitoba,Exhibition,L
#25 M. Jarme,Dynasty,Evolve 2012,OnePointFG,2026-10-03T19:08:26Z,"#8 A. Concepcion,#15 A. Weekes,#21 K. Panginiban,#22 J. Castres,#25 M. Jarme",2026-10-03T03:44:16Z,1,0,7A8D9B70,D4FD54F9,4936F2AF,37358799,,,0,09-25-26 Evolve 2012,09-25-2026,Evolve 2012,Sport Manitoba,Exhibition,L
#21 K. Panginiban,Dynasty,Evolve 2012,Block,2026-10-03T19:09:36Z,"#8 A. Concepcion,#15 A. Weekes,#21 K. Panginiban,#22 J. Castres,#25 M. Jarme",2026-10-03T03:44:16Z,1,0,75AA519B,D4FD54F9,4936F2AF,37358799,,,0,09-25-26 Evolve 2012,09-25-2026,Evolve 2012,Sport Manitoba,Exhibition,L
Evolve 2012,Dynasty,Evolve 2012,Turnover,2026-10-03T19:09:52Z,"#8 A. Concepcion,#15 A. Weekes,#21 K. Panginiban,#22 J. Castres,#25 M. Jarme",2026-10-03T03:40:47Z,1,1,5329846D,D4FD54F9,4936F2AF,37358799,,,0,09-25-26 Evolve 2012,09-25-2026,Evolve 2012,Sport Manitoba,Exhibition,L
#8 A. Concepcion,Dynasty,Evolve 2012,Turnover,2026-10-03T19:10:17Z,"#8 A. Concepcion,#15 A. Weekes,#21 K. Panginiban,#22 J. Castres,#25 M. Jarme",2026-10-03T03:44:16Z,1,0,B2DB5FC6,D4FD54F9,4936F2AF,37358799,,,0,09-25-26 Evolve 2012,09-25-2026,Evolve 2012,Sport Manitoba,Exhibition,L
Evolve 2012,Dynasty,Evolve 2012,Steal,2026-10-03T19:10:19Z,"#8 A. Concepcion,#15 A. Weekes,#21 K. Panginiban,#22 J. Castres,#25 M. Jarme",2026-10-03T03:40:47Z,1,1,5329846D,D4FD54F9,4936F2AF,37358799,,,0,09-25-26 Evolve 2012,09-25-2026,Evolve 2012,Sport Manitoba,Exhibition,L
Evolve 2012,Dynasty,Evolve 2012,TwoPointFG,2026-10-03T19:10:44Z,"#8 A. Concepcion,#15 A. Weekes,#21 K. Panginiban,#22 J. Castres,#25 M. Jarme",2026-10-03T03:40:47Z,1,1,5329846D,D4FD54F9,4936F2AF,37358799,28.86,8.05,0,09-25-26 Evolve 2012,09-25-2026,Evolve 2012,Sport Manitoba,Exhibition,L
#25 M. Jarme,Dynasty,Evolve 2012,Turnover,2026-10-03T19:20:42Z,"#8 A. Concepcion,#15 A. Weekes,#21 K. Panginiban,#22 J. Castres,#25 M. Jarme",2026-10-03T03:44:16Z,1,0,7A8D9B70,D4FD54F9,4936F2AF,37358799,,,0,09-25-26 Evolve 2012,09-25-2026,Evolve 2012,Sport Manitoba,Exhibition,L
Evolve 2012,Dynasty,Evolve 2012,Steal,2026-10-03T19:20:43Z,"#8 A. Concepcion,#15 A. Weekes,#21 K. Panginiban,#22 J. Castres,#25 M. Jarme",2026-10-03T03:40:47Z,1,1,5329846D,D4FD54F9,4936F2AF,37358799,,,0,09-25-26 Evolve 2012,09-25-2026,Evolve 2012,Sport Manitoba,Exhibition,L
Evolve 2012,Dynasty,Evolve 2012,TwoPointFG,2026-10-03T19:21:01Z,"#8 A. Concepcion,#15 A. Weekes,#21 K. Panginiban,#22 J. Castres,#25 M. Jarme",2026-10-03T03:40:47Z,1,1,5329846D,D4FD54F9,4936F2AF,37358799,29.02,8.89,0,09-25-26 Evolve 2012,09-25-2026,Evolve 2012,Sport Manitoba,Exhibition,L
#15 A. Weekes,Dynasty,Evolve 2012,TwoPointFGMiss,2026-10-03T19:21:51Z,"#8 A. Concepcion,#15 A. Weekes,#21 K. Panginiban,#22 J. Castres,#25 M. Jarme",2026-10-03T03:44:16Z,1,0,70E5F122,D4FD54F9,4936F2AF,37358799,29.02,10.75,0,09-25-26 Evolve 2012,09-25-2026,Evolve 2012,Sport Manitoba,Exhibition,L
Evolve 2012,Dynasty,Evolve 2012,DefReb,2026-10-03T19:21:53Z,"#8 A. Concepcion,#15 A. Weekes,#21 K. Panginiban,#22 J. Castres,#25 M. Jarme",2026-10-03T03:40:47Z,1,1,5329846D,D4FD54F9,4936F2AF,37358799,,,0,09-25-26 Evolve 2012,09-25-2026,Evolve 2012,Sport Manitoba,Exhibition,L
Evolve 2012,Dynasty,Evolve 2012,Turnover,2026-10-03T19:22:13Z,"#8 A. Concepcion,#15 A. Weekes,#21 K. Panginiban,#22 J. Castres,#25 M. Jarme",2026-10-03T03:40:47Z,1,1,5329846D,D4FD54F9,4936F2AF,37358799,,,0,09-25-26 Evolve 2012,09-25-2026,Evolve 2012,Sport Manitoba,Exhibition,L
#15 A. Weekes,Dynasty,Evolve 2012,Steal,2026-10-03T19:22:15Z,"#8 A. Concepcion,#15 A. Weekes,#21 K. Panginiban,#22 J. Castres,#25 M. Jarme",2026-10-03T03:44:16Z,1,0,70E5F122,D4FD54F9,4936F2AF,37358799,,,0,09-25-26 Evolve 2012,09-25-2026,Evolve 2012,Sport Manitoba,Exhibition,L
#15 A. Weekes,Dynasty,Evolve 2012,Turnover,2026-10-05T14:47:23Z,"#8 A. Concepcion,#15 A. Weekes,#21 K. Panginiban,#22 J. Castres,#25 M. Jarme",2026-10-03T03:44:16Z,1,0,70E5F122,D4FD54F9,4936F2AF,37358799,,,0,09-25-26 Evolve 2012,09-25-2026,Evolve 2012,Sport Manitoba,Exhibition,L
#21 K. Panginiban,Dynasty,Evolve 2012,Foul,2026-10-05T14:48:25Z,"#8 A. Concepcion,#15 A. Weekes,#21 K. Panginiban,#22 J. Castres,#25 M. Jarme",2026-10-03T03:44:16Z,1,0,75AA519B,D4FD54F9,4936F2AF,37358799,,,0,09-25-26 Evolve 2012,09-25-2026,Evolve 2012,Sport Manitoba,Exhibition,L
Evolve 2012,Dynasty,Evolve 2012,OnePointFG,2026-10-05T14:48:53Z,"#8 A. Concepcion,#15 A. Weekes,#21 K. Panginiban,#22 J. Castres,#25 M. Jarme",2026-10-03T03:40:47Z,1,1,5329846D,D4FD54F9,4936F2AF,37358799,,,0,09-25-26 Evolve 2012,09-25-2026,Evolve 2012,Sport Manitoba,Exhibition,L
Evolve 2012,Dynasty,Evolve 2012,OnePointFG,2026-10-05T14:49:14Z,"#8 A. Concepcion,#15 A. Weekes,#21 K. Panginiban,#22 J. Castres,#25 M. Jarme",2026-10-03T03:40:47Z,1,1,5329846D,D4FD54F9,4936F2AF,37358799,,,0,09-25-26 Evolve 2012,09-25-2026,Evolve 2012,Sport Manitoba,Exhibition,L
#21 K. Panginiban,Dynasty,Evolve 2012,TwoPointFGMiss,2026-10-05T14:49:38Z,"#8 A. Concepcion,#15 A. Weekes,#21 K. Panginiban,#22 J. Castres,#25 M. Jarme",2026-10-03T03:44:16Z,1,0,75AA519B,D4FD54F9,4936F2AF,37358799,19.29,6.19,0,09-25-26 Evolve 2012,09-25-2026,Evolve 2012,Sport Manitoba,Exhibition,L
#21 K. Panginiban,Dynasty,Evolve 2012,Foul,2026-10-05T14:50:03Z,"#8 A. Concepcion,#15 A. Weekes,#21 K. Panginiban,#22 J. Castres,#25 M. Jarme",2026-10-03T03:44:16Z,1,0,75AA519B,D4FD54F9,4936F2AF,37358799,,,0,09-25-26 Evolve 2012,09-25-2026,Evolve 2012,Sport Manitoba,Exhibition,L
Evolve 2012,Dynasty,Evolve 2012,OnePointFGMiss,2026-10-05T14:50:37Z,"#8 A. Concepcion,#15 A. Weekes,#21 K. Panginiban,#22 J. Castres,#25 M. Jarme",2026-10-03T03:40:47Z,1,1,5329846D,D4FD54F9,4936F2AF,37358799,,,0,09-25-26 Evolve 2012,09-25-2026,Evolve 2012,Sport Manitoba,Exhibition,L
Evolve 2012,Dynasty,Evolve 2012,OnePointFGMiss,2026-10-05T14:51:00Z,"#8 A. Concepcion,#15 A. Weekes,#21 K. Panginiban,#22 J. Castres,#25 M. Jarme",2026-10-03T03:40:47Z,1,1,5329846D,D4FD54F9,4936F2AF,37358799,,,0,09-25-26 Evolve 2012,09-25-2026,Evolve 2012,Sport Manitoba,Exhibition,L
#15 A. Weekes,Dynasty,Evolve 2012,DefReb,2026-10-05T14:51:04Z,"#8 A. Concepcion,#15 A. Weekes,#21 K. Panginiban,#22 J. Castres,#25 M. Jarme",2026-10-03T03:44:16Z,1,0,70E5F122,D4FD54F9,4936F2AF,37358799,,,0,09-25-26 Evolve 2012,09-25-2026,Evolve 2012,Sport Manitoba,Exhibition,L
#15 A. Weekes,Dynasty,Evolve 2012,TwoPointFG,2026-10-05T14:51:23Z,"#8 A. Concepcion,#15 A. Weekes,#21 K. Panginiban,#22 J. Castres,#25 M. Jarme",2026-10-03T03:44:16Z,1,0,70E5F122,D4FD54F9,4936F2AF,37358799,27.27,8.56,0,09-25-26 Evolve 2012,09-25-2026,Evolve 2012,Sport Manitoba,Exhibition,L
Evolve 2012,Dynasty,Evolve 2012,Turnover,2026-10-05T14:51:53Z,"#8 A. Concepcion,#15 A. Weekes,#21 K. Panginiban,#22 J. Castres,#25 M. Jarme",2026-10-03T03:40:47Z,1,1,5329846D,D4FD54F9,4936F2AF,37358799,,,0,09-25-26 Evolve 2012,09-25-2026,Evolve 2012,Sport Manitoba,Exhibition,L
#25 M. Jarme,Dynasty,Evolve 2012,FloorTime,2026-10-05T14:52:35Z,"#8 A. Concepcion,#15 A. Weekes,#22 J. Castres,#25 M. Jarme,#94 V. Harrison",2026-10-05T14:52:35Z,1,0,7A8D9B70,D4FD54F9,4936F2AF,37358799,,,0,09-25-26 Evolve 2012,09-25-2026,Evolve 2012,Sport Manitoba,Exhibition,L
#8 A. Concepcion,Dynasty,Evolve 2012,FloorTime,2026-10-05T14:52:35Z,"#8 A. Concepcion,#15 A. Weekes,#22 J. Castres,#25 M. Jarme,#94 V. Harrison",2026-10-05T14:52:35Z,1,0,B2DB5FC6,D4FD54F9,4936F2AF,37358799,,,0,09-25-26 Evolve 2012,09-25-2026,Evolve 2012,Sport Manitoba,Exhibition,L
#15 A. Weekes,Dynasty,Evolve 2012,FloorTime,2026-10-05T14:52:35Z,"#8 A. Concepcion,#15 A. Weekes,#22 J. Castres,#25 M. Jarme,#94 V. Harrison",2026-10-05T14:52:35Z,1,0,70E5F122,D4FD54F9,4936F2AF,37358799,,,0,09-25-26 Evolve 2012,09-25-2026,Evolve 2012,Sport Manitoba,Exhibition,L
Evolve 2012,Dynasty,Evolve 2012,FloorTime,2026-10-05T14:52:35Z,"#8 A. Concepcion,#15 A. Weekes,#22 J. Castres,#25 M. Jarme,#94 V. Harrison",2026-10-05T14:52:35Z,1,1,5329846D,D4FD54F9,4936F2AF,37358799,,,0,09-25-26 Evolve 2012,09-25-2026,Evolve 2012,Sport Manitoba,Exhibition,L
#22 J. Castres,Dynasty,Evolve 2012,FloorTime,2026-10-05T14:52:35Z,"#8 A. Concepcion,#15 A. Weekes,#22 J. Castres,#25 M. Jarme,#94 V. Harrison",2026-10-05T14:52:35Z,1,0,CAC97357,D4FD54F9,4936F2AF,37358799,,,0,09-25-26 Evolve 2012,09-25-2026,Evolve 2012,Sport Manitoba,Exhibition,L
#94 V. Harrison,Dynasty,Evolve 2012,FloorTime,2026-10-05T14:52:35Z,"#8 A. Concepcion,#15 A. Weekes,#22 J. Castres,#25 M. Jarme,#94 V. Harrison",2026-10-05T14:52:35Z,1,0,73029EE7,D4FD54F9,4936F2AF,37358799,,,0,09-25-26 Evolve 2012,09-25-2026,Evolve 2012,Sport Manitoba,Exhibition,L
#25 M. Jarme,Dynasty,Evolve 2012,Assist,2026-10-05T14:52:56Z,"#8 A. Concepcion,#15 A. Weekes,#22 J. Castres,#25 M. Jarme,#94 V. Harrison",2026-10-05T14:52:35Z,1,0,7A8D9B70,D4FD54F9,4936F2AF,37358799,,,0,09-25-26 Evolve 2012,09-25-2026,Evolve 2012,Sport Manitoba,Exhibition,L
#94 V. Harrison,Dynasty,Evolve 2012,TwoPointFG,2026-10-05T14:53:00Z,"#8 A. Concepcion,#15 A. Weekes,#22 J. Castres,#25 M. Jarme,#94 V. Harrison",2026-10-05T14:52:35Z,1,0,73029EE7,D4FD54F9,4936F2AF,37358799,19.39,8.89,0,09-25-26 Evolve 2012,09-25-2026,Evolve 2012,Sport Manitoba,Exhibition,L
Evolve 2012,Dynasty,Evolve 2012,TwoPointFGMiss,2026-10-05T14:53:30Z,"#8 A. Concepcion,#15 A. Weekes,#22 J. Castres,#25 M. Jarme,#94 V. Harrison",2026-10-05T14:52:35Z,1,1,5329846D,D4FD54F9,4936F2AF,37358799,20.94,6.53,0,09-25-26 Evolve 2012,09-25-2026,Evolve 2012,Sport Manitoba,Exhibition,L
#8 A. Concepcion,Dynasty,Evolve 2012,DefReb,2026-10-05T14:53:33Z,"#8 A. Concepcion,#15 A. Weekes,#22 J. Castres,#25 M. Jarme,#94 V. Harrison",2026-10-05T14:52:35Z,1,0,B2DB5FC6,D4FD54F9,4936F2AF,37358799,,,0,09-25-26 Evolve 2012,09-25-2026,Evolve 2012,Sport Manitoba,Exhibition,L
#22 J. Castres,Dynasty,Evolve 2012,Turnover,2026-10-05T14:53:54Z,"#8 A. Concepcion,#15 A. Weekes,#22 J. Castres,#25 M. Jarme,#94 V. Harrison",2026-10-05T14:52:35Z,1,0,CAC97357,D4FD54F9,4936F2AF,37358799,,,0,09-25-26 Evolve 2012,09-25-2026,Evolve 2012,Sport Manitoba,Exhibition,L
#8 A. Concepcion,Dynasty,Evolve 2012,Block,2026-10-05T14:54:22Z,"#8 A. Concepcion,#15 A. Weekes,#22 J. Castres,#25 M. Jarme,#94 V. Harrison",2026-10-05T14:52:35Z,1,0,B2DB5FC6,D4FD54F9,4936F2AF,37358799,,,0,09-25-26 Evolve 2012,09-25-2026,Evolve 2012,Sport Manitoba,Exhibition,L
Evolve 2012,Dynasty,Evolve 2012,Turnover,2026-10-05T14:54:25Z,"#8 A. Concepcion,#15 A. Weekes,#22 J. Castres,#25 M. Jarme,#94 V. Harrison",2026-10-05T14:52:35Z,1,1,5329846D,D4FD54F9,4936F2AF,37358799,,,0,09-25-26 Evolve 2012,09-25-2026,Evolve 2012,Sport Manitoba,Exhibition,L
Evolve 2012,Dynasty,Evolve 2012,Steal,2026-10-05T14:54:43Z,"#8 A. Concepcion,#15 A. Weekes,#22 J. Castres,#25 M. Jarme,#94 V. Harrison",2026-10-05T14:52:35Z,1,1,5329846D,D4FD54F9,4936F2AF,37358799,,,0,09-25-26 Evolve 2012,09-25-2026,Evolve 2012,Sport Manitoba,Exhibition,L
#22 J. Castres,Dynasty,Evolve 2012,Turnover,2026-10-05T14:54:45Z,"#8 A. Concepcion,#15 A. Weekes,#22 J. Castres,#25 M. Jarme,#94 V. Harrison",2026-10-05T14:52:35Z,1,0,CAC97357,D4FD54F9,4936F2AF,37358799,,,0,09-25-26 Evolve 2012,09-25-2026,Evolve 2012,Sport Manitoba,Exhibition,L
Evolve 2012,Dynasty,Evolve 2012,TwoPointFG,2026-10-05T14:55:00Z,"#8 A. Concepcion,#15 A. Weekes,#22 J. Castres,#25 M. Jarme,#94 V. Harrison",2026-10-05T14:52:35Z,1,1,5329846D,D4FD54F9,4936F2AF,37358799,30.55,9.33,0,09-25-26 Evolve 2012,09-25-2026,Evolve 2012,Sport Manitoba,Exhibition,L
#15 A. Weekes,Dynasty,Evolve 2012,Turnover,2026-10-05T14:55:27Z,"#8 A. Concepcion,#15 A. Weekes,#22 J. Castres,#25 M. Jarme,#94 V. Harrison",2026-10-05T14:52:35Z,1,0,70E5F122,D4FD54F9,4936F2AF,37358799,,,0,09-25-26 Evolve 2012,09-25-2026,Evolve 2012,Sport Manitoba,Exhibition,L
#25 M. Jarme,Dynasty,Evolve 2012,Foul,2026-10-05T14:56:13Z,"#8 A. Concepcion,#15 A. Weekes,#22 J. Castres,#25 M. Jarme,#94 V. Harrison",2026-10-05T14:52:35Z,1,0,7A8D9B70,D4FD54F9,4936F2AF,37358799,,,0,09-25-26 Evolve 2012,09-25-2026,Evolve 2012,Sport Manitoba,Exhibition,L
#15 A. Weekes,Dynasty,Evolve 2012,FloorTime,2026-10-05T14:56:55Z,"#1 S. Santos-Gatpayat,#12 M. Pasahol,#15 A. Weekes,#24 J. Rangi,#94 V. Harrison",2026-10-05T14:56:55Z,1,0,70E5F122,D4FD54F9,4936F2AF,37358799,,,0,09-25-26 Evolve 2012,09-25-2026,Evolve 2012,Sport Manitoba,Exhibition,L
Evolve 2012,Dynasty,Evolve 2012,FloorTime,2026-10-05T14:56:55Z,"#1 S. Santos-Gatpayat,#12 M. Pasahol,#15 A. Weekes,#24 J. Rangi,#94 V. Harrison",2026-10-05T14:56:55Z,1,1,5329846D,D4FD54F9,4936F2AF,37358799,,,0,09-25-26 Evolve 2012,09-25-2026,Evolve 2012,Sport Manitoba,Exhibition,L
#94 V. Harrison,Dynasty,Evolve 2012,FloorTime,2026-10-05T14:56:55Z,"#1 S. Santos-Gatpayat,#12 M. Pasahol,#15 A. Weekes,#24 J. Rangi,#94 V. Harrison",2026-10-05T14:56:55Z,1,0,73029EE7,D4FD54F9,4936F2AF,37358799,,,0,09-25-26 Evolve 2012,09-25-2026,Evolve 2012,Sport Manitoba,Exhibition,L
#1 S. Santos-Gatpayat,Dynasty,Evolve 2012,FloorTime,2026-10-05T14:56:55Z,"#1 S. Santos-Gatpayat,#12 M. Pasahol,#15 A. Weekes,#24 J. Rangi,#94 V. Harrison",2026-10-05T14:56:55Z,1,0,895381C0,D4FD54F9,4936F2AF,37358799,,,0,09-25-26 Evolve 2012,09-25-2026,Evolve 2012,Sport Manitoba,Exhibition,L
#12 M. Pasahol,Dynasty,Evolve 2012,FloorTime,2026-10-05T14:56:55Z,"#1 S. Santos-Gatpayat,#12 M. Pasahol,#15 A. Weekes,#24 J. Rangi,#94 V. Harrison",2026-10-05T14:56:55Z,1,0,B3EAD99B,D4FD54F9,4936F2AF,37358799,,,0,09-25-26 Evolve 2012,09-25-2026,Evolve 2012,Sport Manitoba,Exhibition,L
#24 J. Rangi,Dynasty,Evolve 2012,FloorTime,2026-10-05T14:56:55Z,"#1 S. Santos-Gatpayat,#12 M. Pasahol,#15 A. Weekes,#24 J. Rangi,#94 V. Harrison",2026-10-05T14:56:55Z,1,0,DB1A5BF2,D4FD54F9,4936F2AF,37358799,,,0,09-25-26 Evolve 2012,09-25-2026,Evolve 2012,Sport Manitoba,Exhibition,L
Evolve 2012,Dynasty,Evolve 2012,TwoPointFGMiss,2026-10-05T14:57:37Z,"#1 S. Santos-Gatpayat,#12 M. Pasahol,#15 A. Weekes,#24 J. Rangi,#94 V. Harrison",2026-10-05T14:56:55Z,1,1,5329846D,D4FD54F9,4936F2AF,37358799,26.83,7.07,0,09-25-26 Evolve 2012,09-25-2026,Evolve 2012,Sport Manitoba,Exhibition,L
Evolve 2012,Dynasty,Evolve 2012,OffReb,2026-10-05T14:57:46Z,"#1 S. Santos-Gatpayat,#12 M. Pasahol,#15 A. Weekes,#24 J. Rangi,#94 V. Harrison",2026-10-05T14:56:55Z,1,1,5329846D,D4FD54F9,4936F2AF,37358799,,,0,09-25-26 Evolve 2012,09-25-2026,Evolve 2012,Sport Manitoba,Exhibition,L
Evolve 2012,Dynasty,Evolve 2012,Turnover,2026-10-05T14:58:30Z,"#1 S. Santos-Gatpayat,#12 M. Pasahol,#15 A. Weekes,#24 J. Rangi,#94 V. Harrison",2026-10-05T14:56:55Z,1,1,5329846D,D4FD54F9,4936F2AF,37358799,,,0,09-25-26 Evolve 2012,09-25-2026,Evolve 2012,Sport Manitoba,Exhibition,L
#1 S. Santos-Gatpayat,Dynasty,Evolve 2012,ThreePointFGMiss,2026-10-05T14:59:14Z,"#1 S. Santos-Gatpayat,#12 M. Pasahol,#15 A. Weekes,#24 J. Rangi,#94 V. Harrison",2026-10-05T14:56:55Z,1,0,895381C0,D4FD54F9,4936F2AF,37358799,45.59,10.3,0,09-25-26 Evolve 2012,09-25-2026,Evolve 2012,Sport Manitoba,Exhibition,L
#15 A. Weekes,Dynasty,Evolve 2012,OffReb,2026-10-05T15:00:40Z,"#1 S. Santos-Gatpayat,#12 M. Pasahol,#15 A. Weekes,#24 J. Rangi,#94 V. Harrison",2026-10-05T14:56:55Z,1,0,70E5F122,D4FD54F9,4936F2AF,37358799,,,0,09-25-26 Evolve 2012,09-25-2026,Evolve 2012,Sport Manitoba,Exhibition,L
Evolve 2012,Dynasty,Evolve 2012,Steal,2026-10-05T15:01:00Z,"#1 S. Santos-Gatpayat,#12 M. Pasahol,#15 A. Weekes,#24 J. Rangi,#94 V. Harrison",2026-10-05T14:56:55Z,1,1,5329846D,D4FD54F9,4936F2AF,37358799,,,0,09-25-26 Evolve 2012,09-25-2026,Evolve 2012,Sport Manitoba,Exhibition,L
#15 A. Weekes,Dynasty,Evolve 2012,Turnover,2026-10-05T15:01:02Z,"#1 S. Santos-Gatpayat,#12 M. Pasahol,#15 A. Weekes,#24 J. Rangi,#94 V. Harrison",2026-10-05T14:56:55Z,1,0,70E5F122,D4FD54F9,4936F2AF,37358799,,,0,09-25-26 Evolve 2012,09-25-2026,Evolve 2012,Sport Manitoba,Exhibition,L
#12 M. Pasahol,Dynasty,Evolve 2012,Steal,2026-10-05T15:01:23Z,"#1 S. Santos-Gatpayat,#12 M. Pasahol,#15 A. Weekes,#24 J. Rangi,#94 V. Harrison",2026-10-05T14:56:55Z,1,0,B3EAD99B,D4FD54F9,4936F2AF,37358799,,,0,09-25-26 Evolve 2012,09-25-2026,Evolve 2012,Sport Manitoba,Exhibition,L
Evolve 2012,Dynasty,Evolve 2012,Turnover,2026-10-05T15:01:24Z,"#1 S. Santos-Gatpayat,#12 M. Pasahol,#15 A. Weekes,#24 J. Rangi,#94 V. Harrison",2026-10-05T14:56:55Z,1,1,5329846D,D4FD54F9,4936F2AF,37358799,,,0,09-25-26 Evolve 2012,09-25-2026,Evolve 2012,Sport Manitoba,Exhibition,L
#12 M. Pasahol,Dynasty,Evolve 2012,TwoPointFGMiss,2026-10-05T15:01:43Z,"#1 S. Santos-Gatpayat,#12 M. Pasahol,#15 A. Weekes,#24 J. Rangi,#94 V. Harrison",2026-10-05T14:56:55Z,1,0,B3EAD99B,D4FD54F9,4936F2AF,37358799,32.34,10.04,0,09-25-26 Evolve 2012,09-25-2026,Evolve 2012,Sport Manitoba,Exhibition,L
Evolve 2012,Dynasty,Evolve 2012,DefReb,2026-10-05T15:01:51Z,"#1 S. Santos-Gatpayat,#12 M. Pasahol,#15 A. Weekes,#24 J. Rangi,#94 V. Harrison",2026-10-05T14:56:55Z,1,1,5329846D,D4FD54F9,4936F2AF,37358799,,,0,09-25-26 Evolve 2012,09-25-2026,Evolve 2012,Sport Manitoba,Exhibition,L
Evolve 2012,Dynasty,Evolve 2012,TwoPointFGMiss,2026-10-05T15:02:32Z,"#1 S. Santos-Gatpayat,#12 M. Pasahol,#15 A. Weekes,#24 J. Rangi,#94 V. Harrison",2026-10-05T14:56:55Z,1,1,5329846D,D4FD54F9,4936F2AF,37358799,16.34,6.7,0,09-25-26 Evolve 2012,09-25-2026,Evolve 2012,Sport Manitoba,Exhibition,L
Evolve 2012,Dynasty,Evolve 2012,OffReb,2026-10-05T15:02:36Z,"#1 S. Santos-Gatpayat,#12 M. Pasahol,#15 A. Weekes,#24 J. Rangi,#94 V. Harrison",2026-10-05T14:56:55Z,1,1,5329846D,D4FD54F9,4936F2AF,37358799,,,0,09-25-26 Evolve 2012,09-25-2026,Evolve 2012,Sport Manitoba,Exhibition,L
#94 V. Harrison,Dynasty,Evolve 2012,Foul,2026-10-05T15:02:45Z,"#1 S. Santos-Gatpayat,#12 M. Pasahol,#15 A. Weekes,#24 J. Rangi,#94 V. Harrison",2026-10-05T14:56:55Z,1,0,73029EE7,D4FD54F9,4936F2AF,37358799,,,0,09-25-26 Evolve 2012,09-25-2026,Evolve 2012,Sport Manitoba,Exhibition,L
Evolve 2012,Dynasty,Evolve 2012,OnePointFGMiss,2026-10-05T15:03:23Z,"#1 S. Santos-Gatpayat,#12 M. Pasahol,#15 A. Weekes,#24 J. Rangi,#94 V. Harrison",2026-10-05T14:56:55Z,1,1,5329846D,D4FD54F9,4936F2AF,37358799,,,0,09-25-26 Evolve 2012,09-25-2026,Evolve 2012,Sport Manitoba,Exhibition,L
Evolve 2012,Dynasty,Evolve 2012,OnePointFG,2026-10-05T15:03:41Z,"#1 S. Santos-Gatpayat,#12 M. Pasahol,#15 A. Weekes,#24 J. Rangi,#94 V. Harrison",2026-10-05T14:56:55Z,1,1,5329846D,D4FD54F9,4936F2AF,37358799,,,0,09-25-26 Evolve 2012,09-25-2026,Evolve 2012,Sport Manitoba,Exhibition,L
#1 S. Santos-Gatpayat,Dynasty,Evolve 2012,ThreePointFGMiss,2026-10-05T15:04:03Z,"#1 S. Santos-Gatpayat,#12 M. Pasahol,#15 A. Weekes,#24 J. Rangi,#94 V. Harrison",2026-10-05T14:56:55Z,1,0,895381C0,D4FD54F9,4936F2AF,37358799,45.19,10.04,0,09-25-26 Evolve 2012,09-25-2026,Evolve 2012,Sport Manitoba,Exhibition,L
Evolve 2012,Dynasty,Evolve 2012,DefReb,2026-10-05T15:04:07Z,"#1 S. Santos-Gatpayat,#12 M. Pasahol,#15 A. Weekes,#24 J. Rangi,#94 V. Harrison",2026-10-05T14:56:55Z,1,1,5329846D,D4FD54F9,4936F2AF,37358799,,,0,09-25-26 Evolve 2012,09-25-2026,Evolve 2012,Sport Manitoba,Exhibition,L
Evolve 2012,Dynasty,Evolve 2012,Turnover,2026-10-05T15:05:01Z,"#1 S. Santos-Gatpayat,#12 M. Pasahol,#15 A. Weekes,#24 J. Rangi,#94 V. Harrison",2026-10-05T14:56:55Z,1,1,5329846D,D4FD54F9,4936F2AF,37358799,,,0,09-25-26 Evolve 2012,09-25-2026,Evolve 2012,Sport Manitoba,Exhibition,L
#15 A. Weekes,Dynasty,Evolve 2012,Steal,2026-10-05T15:05:04Z,"#1 S. Santos-Gatpayat,#12 M. Pasahol,#15 A. Weekes,#24 J. Rangi,#94 V. Harrison",2026-10-05T14:56:55Z,1,0,70E5F122,D4FD54F9,4936F2AF,37358799,,,0,09-25-26 Evolve 2012,09-25-2026,Evolve 2012,Sport Manitoba,Exhibition,L
#15 A. Weekes,Dynasty,Evolve 2012,Turnover,2026-10-05T15:05:15Z,"#1 S. Santos-Gatpayat,#12 M. Pasahol,#15 A. Weekes,#24 J. Rangi,#94 V. Harrison",2026-10-05T14:56:55Z,1,0,70E5F122,D4FD54F9,4936F2AF,37358799,,,0,09-25-26 Evolve 2012,09-25-2026,Evolve 2012,Sport Manitoba,Exhibition,L
#1 S. Santos-Gatpayat,Dynasty,Evolve 2012,Foul,2026-10-05T15:06:14Z,"#1 S. Santos-Gatpayat,#12 M. Pasahol,#15 A. Weekes,#24 J. Rangi,#94 V. Harrison",2026-10-05T14:56:55Z,1,0,895381C0,D4FD54F9,4936F2AF,37358799,,,0,09-25-26 Evolve 2012,09-25-2026,Evolve 2012,Sport Manitoba,Exhibition,L
Evolve 2012,Dynasty,Evolve 2012,OnePointFGMiss,2026-10-05T15:06:55Z,"#1 S. Santos-Gatpayat,#12 M. Pasahol,#15 A. Weekes,#24 J. Rangi,#94 V. Harrison",2026-10-05T14:56:55Z,1,1,5329846D,D4FD54F9,4936F2AF,37358799,,,0,09-25-26 Evolve 2012,09-25-2026,Evolve 2012,Sport Manitoba,Exhibition,L
Evolve 2012,Dynasty,Evolve 2012,OnePointFGMiss,2026-10-05T15:07:50Z,"#1 S. Santos-Gatpayat,#12 M. Pasahol,#15 A. Weekes,#24 J. Rangi,#94 V. Harrison",2026-10-05T14:56:55Z,1,1,5329846D,D4FD54F9,4936F2AF,37358799,,,0,09-25-26 Evolve 2012,09-25-2026,Evolve 2012,Sport Manitoba,Exhibition,L
#1 S. Santos-Gatpayat,Dynasty,Evolve 2012,DefReb,2026-10-05T15:07:52Z,"#1 S. Santos-Gatpayat,#12 M. Pasahol,#15 A. Weekes,#24 J. Rangi,#94 V. Harrison",2026-10-05T14:56:55Z,1,0,895381C0,D4FD54F9,4936F2AF,37358799,,,0,09-25-26 Evolve 2012,09-25-2026,Evolve 2012,Sport Manitoba,Exhibition,L
#94 V. Harrison,Dynasty,Evolve 2012,Turnover,2026-10-05T15:08:19Z,"#1 S. Santos-Gatpayat,#12 M. Pasahol,#15 A. Weekes,#24 J. Rangi,#94 V. Harrison",2026-10-05T14:56:55Z,1,0,73029EE7,D4FD54F9,4936F2AF,37358799,,,0,09-25-26 Evolve 2012,09-25-2026,Evolve 2012,Sport Manitoba,Exhibition,L
Evolve 2012,Dynasty,Evolve 2012,TwoPointFGMiss,2026-10-05T15:08:39Z,"#1 S. Santos-Gatpayat,#12 M. Pasahol,#15 A. Weekes,#24 J. Rangi,#94 V. Harrison",2026-10-05T14:56:55Z,1,1,5329846D,D4FD54F9,4936F2AF,37358799,29.97,5.48,0,09-25-26 Evolve 2012,09-25-2026,Evolve 2012,Sport Manitoba,Exhibition,L
Evolve 2012,Dynasty,Evolve 2012,OffReb,2026-10-05T15:08:40Z,"#1 S. Santos-Gatpayat,#12 M. Pasahol,#15 A. Weekes,#24 J. Rangi,#94 V. Harrison",2026-10-05T14:56:55Z,1,1,5329846D,D4FD54F9,4936F2AF,37358799,,,0,09-25-26 Evolve 2012,09-25-2026,Evolve 2012,Sport Manitoba,Exhibition,L
Evolve 2012,Dynasty,Evolve 2012,TwoPointFGMiss,2026-10-05T15:08:46Z,"#1 S. Santos-Gatpayat,#12 M. Pasahol,#15 A. Weekes,#24 J. Rangi,#94 V. Harrison",2026-10-05T14:56:55Z,1,1,5329846D,D4FD54F9,4936F2AF,37358799,21.08,6.9,0,09-25-26 Evolve 2012,09-25-2026,Evolve 2012,Sport Manitoba,Exhibition,L
Evolve 2012,Dynasty,Evolve 2012,OffReb,2026-10-05T15:08:53Z,"#1 S. Santos-Gatpayat,#12 M. Pasahol,#15 A. Weekes,#24 J. Rangi,#94 V. Harrison",2026-10-05T14:56:55Z,1,1,5329846D,D4FD54F9,4936F2AF,37358799,,,0,09-25-26 Evolve 2012,09-25-2026,Evolve 2012,Sport Manitoba,Exhibition,L
Evolve 2012,Dynasty,Evolve 2012,TwoPointFG,2026-10-05T15:09:05Z,"#1 S. Santos-Gatpayat,#12 M. Pasahol,#15 A. Weekes,#24 J. Rangi,#94 V. Harrison",2026-10-05T14:56:55Z,1,1,5329846D,D4FD54F9,4936F2AF,37358799,15.57,14.24,0,09-25-26 Evolve 2012,09-25-2026,Evolve 2012,Sport Manitoba,Exhibition,L
#24 J. Rangi,Dynasty,Evolve 2012,Foul,2026-10-05T15:09:30Z,"#1 S. Santos-Gatpayat,#12 M. Pasahol,#15 A. Weekes,#24 J. Rangi,#94 V. Harrison",2026-10-05T14:56:55Z,1,0,DB1A5BF2,D4FD54F9,4936F2AF,37358799,,,0,09-25-26 Evolve 2012,09-25-2026,Evolve 2012,Sport Manitoba,Exhibition,L
#24 J. Rangi,Dynasty,Evolve 2012,FloorTime,2026-10-05T15:10:50Z,"#3 A. Kuegle,#8 A. Concepcion,#22 J. Castres,#24 J. Rangi,#94 V. Harrison",2026-10-05T15:10:50Z,1,0,DB1A5BF2,D4FD54F9,4936F2AF,37358799,,,0,09-25-26 Evolve 2012,09-25-2026,Evolve 2012,Sport Manitoba,Exhibition,L
#22 J. Castres,Dynasty,Evolve 2012,FloorTime,2026-10-05T15:10:50Z,"#3 A. Kuegle,#8 A. Concepcion,#22 J. Castres,#24 J. Rangi,#94 V. Harrison",2026-10-05T15:10:50Z,1,0,CAC97357,D4FD54F9,4936F2AF,37358799,,,0,09-25-26 Evolve 2012,09-25-2026,Evolve 2012,Sport Manitoba,Exhibition,L
Evolve 2012,Dynasty,Evolve 2012,FloorTime,2026-10-05T15:10:50Z,"#3 A. Kuegle,#8 A. Concepcion,#22 J. Castres,#24 J. Rangi,#94 V. Harrison",2026-10-05T15:10:50Z,1,1,5329846D,D4FD54F9,4936F2AF,37358799,,,0,09-25-26 Evolve 2012,09-25-2026,Evolve 2012,Sport Manitoba,Exhibition,L
#94 V. Harrison,Dynasty,Evolve 2012,FloorTime,2026-10-05T15:10:50Z,"#3 A. Kuegle,#8 A. Concepcion,#22 J. Castres,#24 J. Rangi,#94 V. Harrison",2026-10-05T15:10:50Z,1,0,73029EE7,D4FD54F9,4936F2AF,37358799,,,0,09-25-26 Evolve 2012,09-25-2026,Evolve 2012,Sport Manitoba,Exhibition,L
#3 A. Kuegle,Dynasty,Evolve 2012,FloorTime,2026-10-05T15:10:50Z,"#3 A. Kuegle,#8 A. Concepcion,#22 J. Castres,#24 J. Rangi,#94 V. Harrison",2026-10-05T15:10:50Z,1,0,ED7CEFC7,D4FD54F9,4936F2AF,37358799,,,0,09-25-26 Evolve 2012,09-25-2026,Evolve 2012,Sport Manitoba,Exhibition,L
#8 A. Concepcion,Dynasty,Evolve 2012,FloorTime,2026-10-05T15:10:50Z,"#3 A. Kuegle,#8 A. Concepcion,#22 J. Castres,#24 J. Rangi,#94 V. Harrison",2026-10-05T15:10:50Z,1,0,B2DB5FC6,D4FD54F9,4936F2AF,37358799,,,0,09-25-26 Evolve 2012,09-25-2026,Evolve 2012,Sport Manitoba,Exhibition,L
Evolve 2012,Dynasty,Evolve 2012,TwoPointFGMiss,2026-10-05T15:12:46Z,"#3 A. Kuegle,#8 A. Concepcion,#22 J. Castres,#24 J. Rangi,#94 V. Harrison",2026-10-05T15:10:50Z,1,1,5329846D,D4FD54F9,4936F2AF,37358799,20.6,7.71,0,09-25-26 Evolve 2012,09-25-2026,Evolve 2012,Sport Manitoba,Exhibition,L
Evolve 2012,Dynasty,Evolve 2012,OffReb,2026-10-05T15:12:50Z,"#3 A. Kuegle,#8 A. Concepcion,#22 J. Castres,#24 J. Rangi,#94 V. Harrison",2026-10-05T15:10:50Z,1,1,5329846D,D4FD54F9,4936F2AF,37358799,,,0,09-25-26 Evolve 2012,09-25-2026,Evolve 2012,Sport Manitoba,Exhibition,L
Evolve 2012,Dynasty,Evolve 2012,TwoPointFGMiss,2026-10-05T15:12:56Z,"#3 A. Kuegle,#8 A. Concepcion,#22 J. Castres,#24 J. Rangi,#94 V. Harrison",2026-10-05T15:10:50Z,1,1,5329846D,D4FD54F9,4936F2AF,37358799,25.61,9.5,0,09-25-26 Evolve 2012,09-25-2026,Evolve 2012,Sport Manitoba,Exhibition,L
Evolve 2012,Dynasty,Evolve 2012,OffReb,2026-10-05T15:13:00Z,"#3 A. Kuegle,#8 A. Concepcion,#22 J. Castres,#24 J. Rangi,#94 V. Harrison",2026-10-05T15:10:50Z,1,1,5329846D,D4FD54F9,4936F2AF,37358799,,,0,09-25-26 Evolve 2012,09-25-2026,Evolve 2012,Sport Manitoba,Exhibition,L
Evolve 2012,Dynasty,Evolve 2012,TwoPointFGMiss,2026-10-05T15:13:18Z,"#3 A. Kuegle,#8 A. Concepcion,#22 J. Castres,#24 J. Rangi,#94 V. Harrison",2026-10-05T15:10:50Z,1,1,5329846D,D4FD54F9,4936F2AF,37358799,26.01,10.65,0,09-25-26 Evolve 2012,09-25-2026,Evolve 2012,Sport Manitoba,Exhibition,L
Evolve 2012,Dynasty,Evolve 2012,OffReb,2026-10-05T15:13:19Z,"#3 A. Kuegle,#8 A. Concepcion,#22 J. Castres,#24 J. Rangi,#94 V. Harrison",2026-10-05T15:10:50Z,1,1,5329846D,D4FD54F9,4936F2AF,37358799,,,0,09-25-26 Evolve 2012,09-25-2026,Evolve 2012,Sport Manitoba,Exhibition,L
Evolve 2012,Dynasty,Evolve 2012,Turnover,2026-10-05T15:13:29Z,"#3 A. Kuegle,#8 A. Concepcion,#22 J. Castres,#24 J. Rangi,#94 V. Harrison",2026-10-05T15:10:50Z,1,1,5329846D,D4FD54F9,4936F2AF,37358799,,,0,09-25-26 Evolve 2012,09-25-2026,Evolve 2012,Sport Manitoba,Exhibition,L
#22 J. Castres,Dynasty,Evolve 2012,Turnover,2026-10-05T15:14:05Z,"#3 A. Kuegle,#8 A. Concepcion,#22 J. Castres,#24 J. Rangi,#94 V. Harrison",2026-10-05T15:10:50Z,1,0,CAC97357,D4FD54F9,4936F2AF,37358799,,,0,09-25-26 Evolve 2012,09-25-2026,Evolve 2012,Sport Manitoba,Exhibition,L
Evolve 2012,Dynasty,Evolve 2012,TwoPointFGMiss,2026-10-05T15:15:55Z,"#3 A. Kuegle,#8 A. Concepcion,#22 J. Castres,#24 J. Rangi,#94 V. Harrison",2026-10-05T15:10:50Z,1,1,5329846D,D4FD54F9,4936F2AF,37358799,21.42,8.42,0,09-25-26 Evolve 2012,09-25-2026,Evolve 2012,Sport Manitoba,Exhibition,L
Evolve 2012,Dynasty,Evolve 2012,OffReb,2026-10-05T15:15:57Z,"#3 A. Kuegle,#8 A. Concepcion,#22 J. Castres,#24 J. Rangi,#94 V. Harrison",2026-10-05T15:10:50Z,1,1,5329846D,D4FD54F9,4936F2AF,37358799,,,0,09-25-26 Evolve 2012,09-25-2026,Evolve 2012,Sport Manitoba,Exhibition,L
Evolve 2012,Dynasty,Evolve 2012,TwoPointFG,2026-10-05T15:16:06Z,"#3 A. Kuegle,#8 A. Concepcion,#22 J. Castres,#24 J. Rangi,#94 V. Harrison",2026-10-05T15:10:50Z,1,1,5329846D,D4FD54F9,4936F2AF,37358799,26.96,7.88,0,09-25-26 Evolve 2012,09-25-2026,Evolve 2012,Sport Manitoba,Exhibition,L
#24 J. Rangi,Dynasty,Evolve 2012,TwoPointFGMiss,2026-10-05T15:16:26Z,"#3 A. Kuegle,#8 A. Concepcion,#22 J. Castres,#24 J. Rangi,#94 V. Harrison",2026-10-05T15:10:50Z,1,0,DB1A5BF2,D4FD54F9,4936F2AF,37358799,35.25,19.14,0,09-25-26 Evolve 2012,09-25-2026,Evolve 2012,Sport Manitoba,Exhibition,L
Evolve 2012,Dynasty,Evolve 2012,DefReb,2026-10-05T15:16:34Z,"#3 A. Kuegle,#8 A. Concepcion,#22 J. Castres,#24 J. Rangi,#94 V. Harrison",2026-10-05T15:10:50Z,1,1,5329846D,D4FD54F9,4936F2AF,37358799,,,0,09-25-26 Evolve 2012,09-25-2026,Evolve 2012,Sport Manitoba,Exhibition,L
Evolve 2012,Dynasty,Evolve 2012,TwoPointFG,2026-10-05T15:16:41Z,"#3 A. Kuegle,#8 A. Concepcion,#22 J. Castres,#24 J. Rangi,#94 V. Harrison",2026-10-05T15:10:50Z,1,1,5329846D,D4FD54F9,4936F2AF,37358799,28.55,8.29,0,09-25-26 Evolve 2012,09-25-2026,Evolve 2012,Sport Manitoba,Exhibition,L
Evolve 2012,Dynasty,Evolve 2012,Foul,2026-10-05T15:17:29Z,"#3 A. Kuegle,#8 A. Concepcion,#22 J. Castres,#24 J. Rangi,#94 V. Harrison",2026-10-05T15:10:50Z,1,1,5329846D,D4FD54F9,4936F2AF,37358799,,,0,09-25-26 Evolve 2012,09-25-2026,Evolve 2012,Sport Manitoba,Exhibition,L
#22 J. Castres,Dynasty,Evolve 2012,OnePointFG,2026-10-05T15:17:56Z,"#3 A. Kuegle,#8 A. Concepcion,#22 J. Castres,#24 J. Rangi,#94 V. Harrison",2026-10-05T15:10:50Z,1,0,CAC97357,D4FD54F9,4936F2AF,37358799,,,0,09-25-26 Evolve 2012,09-25-2026,Evolve 2012,Sport Manitoba,Exhibition,L
#22 J. Castres,Dynasty,Evolve 2012,OnePointFG,2026-10-05T15:18:07Z,"#3 A. Kuegle,#8 A. Concepcion,#22 J. Castres,#24 J. Rangi,#94 V. Harrison",2026-10-05T15:10:50Z,1,0,CAC97357,D4FD54F9,4936F2AF,37358799,,,0,09-25-26 Evolve 2012,09-25-2026,Evolve 2012,Sport Manitoba,Exhibition,L
Evolve 2012,Dynasty,Evolve 2012,TwoPointFG,2026-10-05T15:18:21Z,"#3 A. Kuegle,#8 A. Concepcion,#22 J. Castres,#24 J. Rangi,#94 V. Harrison",2026-10-05T15:10:50Z,1,1,5329846D,D4FD54F9,4936F2AF,37358799,28.38,6.83,0,09-25-26 Evolve 2012,09-25-2026,Evolve 2012,Sport Manitoba,Exhibition,L
#8 A. Concepcion,Dynasty,Evolve 2012,TwoPointFGMiss,2026-10-05T15:18:42Z,"#3 A. Kuegle,#8 A. Concepcion,#22 J. Castres,#24 J. Rangi,#94 V. Harrison",2026-10-05T15:10:50Z,1,0,B2DB5FC6,D4FD54F9,4936F2AF,37358799,21.65,8.08,0,09-25-26 Evolve 2012,09-25-2026,Evolve 2012,Sport Manitoba,Exhibition,L
#22 J. Castres,Dynasty,Evolve 2012,OffReb,2026-10-05T15:18:46Z,"#3 A. Kuegle,#8 A. Concepcion,#22 J. Castres,#24 J. Rangi,#94 V. Harrison",2026-10-05T15:10:50Z,1,0,CAC97357,D4FD54F9,4936F2AF,37358799,,,0,09-25-26 Evolve 2012,09-25-2026,Evolve 2012,Sport Manitoba,Exhibition,L
#22 J. Castres,Dynasty,Evolve 2012,ThreePointFG,2026-10-05T15:18:59Z,"#3 A. Kuegle,#8 A. Concepcion,#22 J. Castres,#24 J. Rangi,#94 V. Harrison",2026-10-05T15:10:50Z,1,0,CAC97357,D4FD54F9,4936F2AF,37358799,36.41,22.93,0,09-25-26 Evolve 2012,09-25-2026,Evolve 2012,Sport Manitoba,Exhibition,L
Evolve 2012,Dynasty,Evolve 2012,TwoPointFG,2026-10-05T15:19:19Z,"#3 A. Kuegle,#8 A. Concepcion,#22 J. Castres,#24 J. Rangi,#94 V. Harrison",2026-10-05T15:10:50Z,1,1,5329846D,D4FD54F9,4936F2AF,37358799,21.04,8.45,0,09-25-26 Evolve 2012,09-25-2026,Evolve 2012,Sport Manitoba,Exhibition,L
Evolve 2012,Dynasty,Evolve 2012,Assist,2026-10-05T15:19:22Z,"#3 A. Kuegle,#8 A. Concepcion,#22 J. Castres,#24 J. Rangi,#94 V. Harrison",2026-10-05T15:10:50Z,1,1,5329846D,D4FD54F9,4936F2AF,37358799,,,0,09-25-26 Evolve 2012,09-25-2026,Evolve 2012,Sport Manitoba,Exhibition,L
#3 A. Kuegle,Dynasty,Evolve 2012,Turnover,2026-10-05T15:20:10Z,"#3 A. Kuegle,#8 A. Concepcion,#22 J. Castres,#24 J. Rangi,#94 V. Harrison",2026-10-05T15:10:50Z,1,0,ED7CEFC7,D4FD54F9,4936F2AF,37358799,,,0,09-25-26 Evolve 2012,09-25-2026,Evolve 2012,Sport Manitoba,Exhibition,L
#24 J. Rangi,Dynasty,Evolve 2012,FloorTime,2026-10-05T15:20:25Z,"#8 A. Concepcion,#22 J. Castres,#24 J. Rangi,#25 M. Jarme,#94 V. Harrison",2026-10-05T15:20:25Z,1,0,DB1A5BF2,D4FD54F9,4936F2AF,37358799,,,0,09-25-26 Evolve 2012,09-25-2026,Evolve 2012,Sport Manitoba,Exhibition,L
Evolve 2012,Dynasty,Evolve 2012,FloorTime,2026-10-05T15:20:25Z,"#8 A. Concepcion,#22 J. Castres,#24 J. Rangi,#25 M. Jarme,#94 V. Harrison",2026-10-05T15:20:25Z,1,1,5329846D,D4FD54F9,4936F2AF,37358799,,,0,09-25-26 Evolve 2012,09-25-2026,Evolve 2012,Sport Manitoba,Exhibition,L
#8 A. Concepcion,Dynasty,Evolve 2012,FloorTime,2026-10-05T15:20:25Z,"#8 A. Concepcion,#22 J. Castres,#24 J. Rangi,#25 M. Jarme,#94 V. Harrison",2026-10-05T15:20:25Z,1,0,B2DB5FC6,D4FD54F9,4936F2AF,37358799,,,0,09-25-26 Evolve 2012,09-25-2026,Evolve 2012,Sport Manitoba,Exhibition,L
#22 J. Castres,Dynasty,Evolve 2012,FloorTime,2026-10-05T15:20:25Z,"#8 A. Concepcion,#22 J. Castres,#24 J. Rangi,#25 M. Jarme,#94 V. Harrison",2026-10-05T15:20:25Z,1,0,CAC97357,D4FD54F9,4936F2AF,37358799,,,0,09-25-26 Evolve 2012,09-25-2026,Evolve 2012,Sport Manitoba,Exhibition,L
#94 V. Harrison,Dynasty,Evolve 2012,FloorTime,2026-10-05T15:20:25Z,"#8 A. Concepcion,#22 J. Castres,#24 J. Rangi,#25 M. Jarme,#94 V. Harrison",2026-10-05T15:20:25Z,1,0,73029EE7,D4FD54F9,4936F2AF,37358799,,,0,09-25-26 Evolve 2012,09-25-2026,Evolve 2012,Sport Manitoba,Exhibition,L
#25 M. Jarme,Dynasty,Evolve 2012,FloorTime,2026-10-05T15:20:25Z,"#8 A. Concepcion,#22 J. Castres,#24 J. Rangi,#25 M. Jarme,#94 V. Harrison",2026-10-05T15:20:25Z,1,0,7A8D9B70,D4FD54F9,4936F2AF,37358799,,,0,09-25-26 Evolve 2012,09-25-2026,Evolve 2012,Sport Manitoba,Exhibition,L
Evolve 2012,Dynasty,Evolve 2012,TwoPointFGMiss,2026-10-05T15:21:17Z,"#8 A. Concepcion,#22 J. Castres,#24 J. Rangi,#25 M. Jarme,#94 V. Harrison",2026-10-05T15:20:25Z,1,1,5329846D,D4FD54F9,4936F2AF,37358799,16.17,17.69,0,09-25-26 Evolve 2012,09-25-2026,Evolve 2012,Sport Manitoba,Exhibition,L
Evolve 2012,Dynasty,Evolve 2012,Turnover,2026-10-05T15:21:19Z,"#8 A. Concepcion,#22 J. Castres,#24 J. Rangi,#25 M. Jarme,#94 V. Harrison",2026-10-05T15:20:25Z,1,1,5329846D,D4FD54F9,4936F2AF,37358799,,,0,09-25-26 Evolve 2012,09-25-2026,Evolve 2012,Sport Manitoba,Exhibition,L
Evolve 2012,Dynasty,Evolve 2012,Foul,2026-10-05T15:21:41Z,"#8 A. Concepcion,#22 J. Castres,#24 J. Rangi,#25 M. Jarme,#94 V. Harrison",2026-10-05T15:20:25Z,1,1,5329846D,D4FD54F9,4936F2AF,37358799,,,0,09-25-26 Evolve 2012,09-25-2026,Evolve 2012,Sport Manitoba,Exhibition,L
#22 J. Castres,Dynasty,Evolve 2012,OnePointFGMiss,2026-10-05T15:22:03Z,"#8 A. Concepcion,#22 J. Castres,#24 J. Rangi,#25 M. Jarme,#94 V. Harrison",2026-10-05T15:20:25Z,1,0,CAC97357,D4FD54F9,4936F2AF,37358799,,,0,09-25-26 Evolve 2012,09-25-2026,Evolve 2012,Sport Manitoba,Exhibition,L
#22 J. Castres,Dynasty,Evolve 2012,OnePointFGMiss,2026-10-05T15:22:20Z,"#8 A. Concepcion,#22 J. Castres,#24 J. Rangi,#25 M. Jarme,#94 V. Harrison",2026-10-05T15:20:25Z,1,0,CAC97357,D4FD54F9,4936F2AF,37358799,,,0,09-25-26 Evolve 2012,09-25-2026,Evolve 2012,Sport Manitoba,Exhibition,L
Evolve 2012,Dynasty,Evolve 2012,DefReb,2026-10-05T15:22:21Z,"#8 A. Concepcion,#22 J. Castres,#24 J. Rangi,#25 M. Jarme,#94 V. Harrison",2026-10-05T15:20:25Z,1,1,5329846D,D4FD54F9,4936F2AF,37358799,,,0,09-25-26 Evolve 2012,09-25-2026,Evolve 2012,Sport Manitoba,Exhibition,L
Evolve 2012,Dynasty,Evolve 2012,TwoPointFG,2026-10-05T15:22:32Z,"#8 A. Concepcion,#22 J. Castres,#24 J. Rangi,#25 M. Jarme,#94 V. Harrison",2026-10-05T15:20:25Z,1,1,5329846D,D4FD54F9,4936F2AF,37358799,27.94,7.95,0,09-25-26 Evolve 2012,09-25-2026,Evolve 2012,Sport Manitoba,Exhibition,L
#24 J. Rangi,Dynasty,Evolve 2012,TwoPointFGMiss,2026-10-05T15:22:58Z,"#8 A. Concepcion,#22 J. Castres,#24 J. Rangi,#25 M. Jarme,#94 V. Harrison",2026-10-05T15:20:25Z,1,0,DB1A5BF2,D4FD54F9,4936F2AF,37358799,32.1,22.45,0,09-25-26 Evolve 2012,09-25-2026,Evolve 2012,Sport Manitoba,Exhibition,L
Evolve 2012,Dynasty,Evolve 2012,DefReb,2026-10-05T15:23:02Z,"#8 A. Concepcion,#22 J. Castres,#24 J. Rangi,#25 M. Jarme,#94 V. Harrison",2026-10-05T15:20:25Z,1,1,5329846D,D4FD54F9,4936F2AF,37358799,,,0,09-25-26 Evolve 2012,09-25-2026,Evolve 2012,Sport Manitoba,Exhibition,L
Evolve 2012,Dynasty,Evolve 2012,FloorTime,2026-10-05T15:23:57Z,"#8 A. Concepcion,#15 A. Weekes,#21 K. Panginiban,#22 J. Castres,#25 M. Jarme",2026-10-05T15:23:57Z,2,1,5329846D,D4FD54F9,4936F2AF,37358799,,,0,09-25-26 Evolve 2012,09-25-2026,Evolve 2012,Sport Manitoba,Exhibition,L
#25 M. Jarme,Dynasty,Evolve 2012,FloorTime,2026-10-05T15:23:57Z,"#8 A. Concepcion,#15 A. Weekes,#21 K. Panginiban,#22 J. Castres,#25 M. Jarme",2026-10-05T15:23:57Z,2,0,7A8D9B70,D4FD54F9,4936F2AF,37358799,,,0,09-25-26 Evolve 2012,09-25-2026,Evolve 2012,Sport Manitoba,Exhibition,L
#22 J. Castres,Dynasty,Evolve 2012,FloorTime,2026-10-05T15:23:57Z,"#8 A. Concepcion,#15 A. Weekes,#21 K. Panginiban,#22 J. Castres,#25 M. Jarme",2026-10-05T15:23:57Z,2,0,CAC97357,D4FD54F9,4936F2AF,37358799,,,0,09-25-26 Evolve 2012,09-25-2026,Evolve 2012,Sport Manitoba,Exhibition,L
#8 A. Concepcion,Dynasty,Evolve 2012,FloorTime,2026-10-05T15:23:57Z,"#8 A. Concepcion,#15 A. Weekes,#21 K. Panginiban,#22 J. Castres,#25 M. Jarme",2026-10-05T15:23:57Z,2,0,B2DB5FC6,D4FD54F9,4936F2AF,37358799,,,0,09-25-26 Evolve 2012,09-25-2026,Evolve 2012,Sport Manitoba,Exhibition,L
#15 A. Weekes,Dynasty,Evolve 2012,FloorTime,2026-10-05T15:23:57Z,"#8 A. Concepcion,#15 A. Weekes,#21 K. Panginiban,#22 J. Castres,#25 M. Jarme",2026-10-05T15:23:57Z,2,0,70E5F122,D4FD54F9,4936F2AF,37358799,,,0,09-25-26 Evolve 2012,09-25-2026,Evolve 2012,Sport Manitoba,Exhibition,L
#21 K. Panginiban,Dynasty,Evolve 2012,FloorTime,2026-10-05T15:23:57Z,"#8 A. Concepcion,#15 A. Weekes,#21 K. Panginiban,#22 J. Castres,#25 M. Jarme",2026-10-05T15:23:57Z,2,0,75AA519B,D4FD54F9,4936F2AF,37358799,,,0,09-25-26 Evolve 2012,09-25-2026,Evolve 2012,Sport Manitoba,Exhibition,L
Evolve 2012,Dynasty,Evolve 2012,Block,2026-10-05T15:24:56Z,"#8 A. Concepcion,#15 A. Weekes,#21 K. Panginiban,#22 J. Castres,#25 M. Jarme",2026-10-05T15:23:57Z,2,1,5329846D,D4FD54F9,4936F2AF,37358799,,,0,09-25-26 Evolve 2012,09-25-2026,Evolve 2012,Sport Manitoba,Exhibition,L
#25 M. Jarme,Dynasty,Evolve 2012,Turnover,2026-10-05T15:24:59Z,"#8 A. Concepcion,#15 A. Weekes,#21 K. Panginiban,#22 J. Castres,#25 M. Jarme",2026-10-05T15:23:57Z,2,0,7A8D9B70,D4FD54F9,4936F2AF,37358799,,,0,09-25-26 Evolve 2012,09-25-2026,Evolve 2012,Sport Manitoba,Exhibition,L
#22 J. Castres,Dynasty,Evolve 2012,Foul,2026-10-05T15:25:27Z,"#8 A. Concepcion,#15 A. Weekes,#21 K. Panginiban,#22 J. Castres,#25 M. Jarme",2026-10-05T15:23:57Z,2,0,CAC97357,D4FD54F9,4936F2AF,37358799,,,0,09-25-26 Evolve 2012,09-25-2026,Evolve 2012,Sport Manitoba,Exhibition,L
Evolve 2012,Dynasty,Evolve 2012,OnePointFGMiss,2026-10-05T15:25:43Z,"#8 A. Concepcion,#15 A. Weekes,#21 K. Panginiban,#22 J. Castres,#25 M. Jarme",2026-10-05T15:23:57Z,2,1,5329846D,D4FD54F9,4936F2AF,37358799,,,0,09-25-26 Evolve 2012,09-25-2026,Evolve 2012,Sport Manitoba,Exhibition,L
Evolve 2012,Dynasty,Evolve 2012,OnePointFG,2026-10-05T15:25:58Z,"#8 A. Concepcion,#15 A. Weekes,#21 K. Panginiban,#22 J. Castres,#25 M. Jarme",2026-10-05T15:23:57Z,2,1,5329846D,D4FD54F9,4936F2AF,37358799,,,0,09-25-26 Evolve 2012,09-25-2026,Evolve 2012,Sport Manitoba,Exhibition,L
#15 A. Weekes,Dynasty,Evolve 2012,Turnover,2026-10-05T15:26:21Z,"#8 A. Concepcion,#15 A. Weekes,#21 K. Panginiban,#22 J. Castres,#25 M. Jarme",2026-10-05T15:23:57Z,2,0,70E5F122,D4FD54F9,4936F2AF,37358799,,,0,09-25-26 Evolve 2012,09-25-2026,Evolve 2012,Sport Manitoba,Exhibition,L
Evolve 2012,Dynasty,Evolve 2012,TwoPointFG,2026-10-05T15:26:33Z,"#8 A. Concepcion,#15 A. Weekes,#21 K. Panginiban,#22 J. Castres,#25 M. Jarme",2026-10-05T15:23:57Z,2,1,5329846D,D4FD54F9,4936F2AF,37358799,31.43,9.5,0,09-25-26 Evolve 2012,09-25-2026,Evolve 2012,Sport Manitoba,Exhibition,L
#8 A. Concepcion,Dynasty,Evolve 2012,TwoPointFGMiss,2026-10-05T15:27:08Z,"#8 A. Concepcion,#15 A. Weekes,#21 K. Panginiban,#22 J. Castres,#25 M. Jarme",2026-10-05T15:23:57Z,2,0,B2DB5FC6,D4FD54F9,4936F2AF,37358799,25.41,23.64,0,09-25-26 Evolve 2012,09-25-2026,Evolve 2012,Sport Manitoba,Exhibition,L
Evolve 2012,Dynasty,Evolve 2012,DefReb,2026-10-05T15:27:13Z,"#8 A. Concepcion,#15 A. Weekes,#21 K. Panginiban,#22 J. Castres,#25 M. Jarme",2026-10-05T15:23:57Z,2,1,5329846D,D4FD54F9,4936F2AF,37358799,,,0,09-25-26 Evolve 2012,09-25-2026,Evolve 2012,Sport Manitoba,Exhibition,L
Evolve 2012,Dynasty,Evolve 2012,TwoPointFGMiss,2026-10-05T15:28:18Z,"#8 A. Concepcion,#15 A. Weekes,#21 K. Panginiban,#22 J. Castres,#25 M. Jarme",2026-10-05T15:23:57Z,2,1,5329846D,D4FD54F9,4936F2AF,37358799,21.18,6.46,0,09-25-26 Evolve 2012,09-25-2026,Evolve 2012,Sport Manitoba,Exhibition,L
#15 A. Weekes,Dynasty,Evolve 2012,DefReb,2026-10-05T15:28:41Z,"#8 A. Concepcion,#15 A. Weekes,#21 K. Panginiban,#22 J. Castres,#25 M. Jarme",2026-10-05T15:23:57Z,2,0,70E5F122,D4FD54F9,4936F2AF,37358799,,,0,09-25-26 Evolve 2012,09-25-2026,Evolve 2012,Sport Manitoba,Exhibition,L
#15 A. Weekes,Dynasty,Evolve 2012,TwoPointFGMiss,2026-10-05T15:28:50Z,"#8 A. Concepcion,#15 A. Weekes,#21 K. Panginiban,#22 J. Castres,#25 M. Jarme",2026-10-05T15:23:57Z,2,0,70E5F122,D4FD54F9,4936F2AF,37358799,27.43,8.01,0,09-25-26 Evolve 2012,09-25-2026,Evolve 2012,Sport Manitoba,Exhibition,L
Evolve 2012,Dynasty,Evolve 2012,DefReb,2026-10-05T15:28:53Z,"#8 A. Concepcion,#15 A. Weekes,#21 K. Panginiban,#22 J. Castres,#25 M. Jarme",2026-10-05T15:23:57Z,2,1,5329846D,D4FD54F9,4936F2AF,37358799,,,0,09-25-26 Evolve 2012,09-25-2026,Evolve 2012,Sport Manitoba,Exhibition,L
Evolve 2012,Dynasty,Evolve 2012,TwoPointFG,2026-10-05T15:29:03Z,"#8 A. Concepcion,#15 A. Weekes,#21 K. Panginiban,#22 J. Castres,#25 M. Jarme",2026-10-05T15:23:57Z,2,1,5329846D,D4FD54F9,4936F2AF,37358799,25.2,9.6,0,09-25-26 Evolve 2012,09-25-2026,Evolve 2012,Sport Manitoba,Exhibition,L
#21 K. Panginiban,Dynasty,Evolve 2012,TwoPointFGMiss,2026-10-05T15:29:22Z,"#8 A. Concepcion,#15 A. Weekes,#21 K. Panginiban,#22 J. Castres,#25 M. Jarme",2026-10-05T15:23:57Z,2,0,75AA519B,D4FD54F9,4936F2AF,37358799,17.63,13.83,0,09-25-26 Evolve 2012,09-25-2026,Evolve 2012,Sport Manitoba,Exhibition,L
#22 J. Castres,Dynasty,Evolve 2012,Turnover,2026-10-05T15:30:09Z,"#8 A. Concepcion,#15 A. Weekes,#21 K. Panginiban,#22 J. Castres,#25 M. Jarme",2026-10-05T15:23:57Z,2,0,CAC97357,D4FD54F9,4936F2AF,37358799,,,0,09-25-26 Evolve 2012,09-25-2026,Evolve 2012,Sport Manitoba,Exhibition,L
Evolve 2012,Dynasty,Evolve 2012,Turnover,2026-10-05T15:30:45Z,"#8 A. Concepcion,#15 A. Weekes,#21 K. Panginiban,#22 J. Castres,#25 M. Jarme",2026-10-05T15:23:57Z,2,1,5329846D,D4FD54F9,4936F2AF,37358799,,,0,09-25-26 Evolve 2012,09-25-2026,Evolve 2012,Sport Manitoba,Exhibition,L
#8 A. Concepcion,Dynasty,Evolve 2012,TwoPointFGMiss,2026-10-05T15:31:09Z,"#8 A. Concepcion,#15 A. Weekes,#21 K. Panginiban,#22 J. Castres,#25 M. Jarme",2026-10-05T15:23:57Z,2,0,B2DB5FC6,D4FD54F9,4936F2AF,37358799,20.64,4.8,0,09-25-26 Evolve 2012,09-25-2026,Evolve 2012,Sport Manitoba,Exhibition,L
Evolve 2012,Dynasty,Evolve 2012,DefReb,2026-10-05T15:31:20Z,"#8 A. Concepcion,#15 A. Weekes,#21 K. Panginiban,#22 J. Castres,#25 M. Jarme",2026-10-05T15:23:57Z,2,1,5329846D,D4FD54F9,4936F2AF,37358799,,,0,09-25-26 Evolve 2012,09-25-2026,Evolve 2012,Sport Manitoba,Exhibition,L
Evolve 2012,Dynasty,Evolve 2012,TwoPointFG,2026-10-05T15:31:26Z,"#8 A. Concepcion,#15 A. Weekes,#21 K. Panginiban,#22 J. Castres,#25 M. Jarme",2026-10-05T15:23:57Z,2,1,5329846D,D4FD54F9,4936F2AF,37358799,29.16,9.03,0,09-25-26 Evolve 2012,09-25-2026,Evolve 2012,Sport Manitoba,Exhibition,L
Evolve 2012,Dynasty,Evolve 2012,Foul,2026-10-05T15:31:43Z,"#8 A. Concepcion,#15 A. Weekes,#21 K. Panginiban,#22 J. Castres,#25 M. Jarme",2026-10-05T15:23:57Z,2,1,5329846D,D4FD54F9,4936F2AF,37358799,,,0,09-25-26 Evolve 2012,09-25-2026,Evolve 2012,Sport Manitoba,Exhibition,L
#25 M. Jarme,Dynasty,Evolve 2012,OnePointFGMiss,2026-10-05T15:32:33Z,"#8 A. Concepcion,#15 A. Weekes,#21 K. Panginiban,#22 J. Castres,#25 M. Jarme",2026-10-05T15:23:57Z,2,0,7A8D9B70,D4FD54F9,4936F2AF,37358799,,,0,09-25-26 Evolve 2012,09-25-2026,Evolve 2012,Sport Manitoba,Exhibition,L
#25 M. Jarme,Dynasty,Evolve 2012,OnePointFG,2026-10-05T15:32:52Z,"#8 A. Concepcion,#15 A. Weekes,#21 K. Panginiban,#22 J. Castres,#25 M. Jarme",2026-10-05T15:23:57Z,2,0,7A8D9B70,D4FD54F9,4936F2AF,37358799,,,0,09-25-26 Evolve 2012,09-25-2026,Evolve 2012,Sport Manitoba,Exhibition,L
#15 A. Weekes,Dynasty,Evolve 2012,Foul,2026-10-05T15:33:14Z,"#8 A. Concepcion,#15 A. Weekes,#21 K. Panginiban,#22 J. Castres,#25 M. Jarme",2026-10-05T15:23:57Z,2,0,70E5F122,D4FD54F9,4936F2AF,37358799,,,0,09-25-26 Evolve 2012,09-25-2026,Evolve 2012,Sport Manitoba,Exhibition,L
Evolve 2012,Dynasty,Evolve 2012,OnePointFG,2026-10-05T15:33:37Z,"#8 A. Concepcion,#15 A. Weekes,#21 K. Panginiban,#22 J. Castres,#25 M. Jarme",2026-10-05T15:23:57Z,2,1,5329846D,D4FD54F9,4936F2AF,37358799,,,0,09-25-26 Evolve 2012,09-25-2026,Evolve 2012,Sport Manitoba,Exhibition,L
Evolve 2012,Dynasty,Evolve 2012,OnePointFG,2026-10-05T15:33:52Z,"#8 A. Concepcion,#15 A. Weekes,#21 K. Panginiban,#22 J. Castres,#25 M. Jarme",2026-10-05T15:23:57Z,2,1,5329846D,D4FD54F9,4936F2AF,37358799,,,0,09-25-26 Evolve 2012,09-25-2026,Evolve 2012,Sport Manitoba,Exhibition,L
#25 M. Jarme,Dynasty,Evolve 2012,TwoPointFG,2026-10-05T15:36:17Z,"#8 A. Concepcion,#15 A. Weekes,#21 K. Panginiban,#22 J. Castres,#25 M. Jarme",2026-10-05T15:23:57Z,2,0,7A8D9B70,D4FD54F9,4936F2AF,37358799,30.11,9.03,0,09-25-26 Evolve 2012,09-25-2026,Evolve 2012,Sport Manitoba,Exhibition,L
#8 A. Concepcion,Dynasty,Evolve 2012,Foul,2026-10-05T15:36:34Z,"#8 A. Concepcion,#15 A. Weekes,#21 K. Panginiban,#22 J. Castres,#25 M. Jarme",2026-10-05T15:23:57Z,2,0,B2DB5FC6,D4FD54F9,4936F2AF,37358799,,,0,09-25-26 Evolve 2012,09-25-2026,Evolve 2012,Sport Manitoba,Exhibition,L
#8 A. Concepcion,Dynasty,Evolve 2012,Steal,2026-10-05T15:36:58Z,"#8 A. Concepcion,#15 A. Weekes,#21 K. Panginiban,#22 J. Castres,#25 M. Jarme",2026-10-05T15:23:57Z,2,0,B2DB5FC6,D4FD54F9,4936F2AF,37358799,,,0,09-25-26 Evolve 2012,09-25-2026,Evolve 2012,Sport Manitoba,Exhibition,L
Evolve 2012,Dynasty,Evolve 2012,Turnover,2026-10-05T15:37:07Z,"#8 A. Concepcion,#15 A. Weekes,#21 K. Panginiban,#22 J. Castres,#25 M. Jarme",2026-10-05T15:23:57Z,2,1,5329846D,D4FD54F9,4936F2AF,37358799,,,0,09-25-26 Evolve 2012,09-25-2026,Evolve 2012,Sport Manitoba,Exhibition,L
Evolve 2012,Dynasty,Evolve 2012,Steal,2026-10-05T15:37:08Z,"#8 A. Concepcion,#15 A. Weekes,#21 K. Panginiban,#22 J. Castres,#25 M. Jarme",2026-10-05T15:23:57Z,2,1,5329846D,D4FD54F9,4936F2AF,37358799,,,0,09-25-26 Evolve 2012,09-25-2026,Evolve 2012,Sport Manitoba,Exhibition,L
#8 A. Concepcion,Dynasty,Evolve 2012,Turnover,2026-10-05T15:37:09Z,"#8 A. Concepcion,#15 A. Weekes,#21 K. Panginiban,#22 J. Castres,#25 M. Jarme",2026-10-05T15:23:57Z,2,0,B2DB5FC6,D4FD54F9,4936F2AF,37358799,,,0,09-25-26 Evolve 2012,09-25-2026,Evolve 2012,Sport Manitoba,Exhibition,L
Evolve 2012,Dynasty,Evolve 2012,TwoPointFGMiss,2026-10-05T15:37:16Z,"#8 A. Concepcion,#15 A. Weekes,#21 K. Panginiban,#22 J. Castres,#25 M. Jarme",2026-10-05T15:23:57Z,2,1,5329846D,D4FD54F9,4936F2AF,37358799,34.57,18.9,0,09-25-26 Evolve 2012,09-25-2026,Evolve 2012,Sport Manitoba,Exhibition,L
Evolve 2012,Dynasty,Evolve 2012,OffReb,2026-10-05T15:37:19Z,"#8 A. Concepcion,#15 A. Weekes,#21 K. Panginiban,#22 J. Castres,#25 M. Jarme",2026-10-05T15:23:57Z,2,1,5329846D,D4FD54F9,4936F2AF,37358799,,,0,09-25-26 Evolve 2012,09-25-2026,Evolve 2012,Sport Manitoba,Exhibition,L
Evolve 2012,Dynasty,Evolve 2012,Turnover,2026-10-05T15:37:24Z,"#8 A. Concepcion,#15 A. Weekes,#21 K. Panginiban,#22 J. Castres,#25 M. Jarme",2026-10-05T15:23:57Z,2,1,5329846D,D4FD54F9,4936F2AF,37358799,,,0,09-25-26 Evolve 2012,09-25-2026,Evolve 2012,Sport Manitoba,Exhibition,L
#22 J. Castres,Dynasty,Evolve 2012,ThreePointFGMiss,2026-10-05T15:38:23Z,"#8 A. Concepcion,#15 A. Weekes,#21 K. Panginiban,#22 J. Castres,#25 M. Jarme",2026-10-05T15:23:57Z,2,0,CAC97357,D4FD54F9,4936F2AF,37358799,34.33,23.23,0,09-25-26 Evolve 2012,09-25-2026,Evolve 2012,Sport Manitoba,Exhibition,L
Evolve 2012,Dynasty,Evolve 2012,DefReb,2026-10-05T15:38:27Z,"#8 A. Concepcion,#15 A. Weekes,#21 K. Panginiban,#22 J. Castres,#25 M. Jarme",2026-10-05T15:23:57Z,2,1,5329846D,D4FD54F9,4936F2AF,37358799,,,0,09-25-26 Evolve 2012,09-25-2026,Evolve 2012,Sport Manitoba,Exhibition,L
Evolve 2012,Dynasty,Evolve 2012,Turnover,2026-10-05T15:38:34Z,"#8 A. Concepcion,#15 A. Weekes,#21 K. Panginiban,#22 J. Castres,#25 M. Jarme",2026-10-05T15:23:57Z,2,1,5329846D,D4FD54F9,4936F2AF,37358799,,,0,09-25-26 Evolve 2012,09-25-2026,Evolve 2012,Sport Manitoba,Exhibition,L
#22 J. Castres,Dynasty,Evolve 2012,TwoPointFGMiss,2026-10-05T15:39:01Z,"#8 A. Concepcion,#15 A. Weekes,#21 K. Panginiban,#22 J. Castres,#25 M. Jarme",2026-10-05T15:23:57Z,2,0,CAC97357,D4FD54F9,4936F2AF,37358799,25.98,15.86,0,09-25-26 Evolve 2012,09-25-2026,Evolve 2012,Sport Manitoba,Exhibition,L
Evolve 2012,Dynasty,Evolve 2012,DefReb,2026-10-05T15:39:04Z,"#8 A. Concepcion,#15 A. Weekes,#21 K. Panginiban,#22 J. Castres,#25 M. Jarme",2026-10-05T15:23:57Z,2,1,5329846D,D4FD54F9,4936F2AF,37358799,,,0,09-25-26 Evolve 2012,09-25-2026,Evolve 2012,Sport Manitoba,Exhibition,L
Evolve 2012,Dynasty,Evolve 2012,TwoPointFGMiss,2026-10-05T15:39:14Z,"#8 A. Concepcion,#15 A. Weekes,#21 K. Panginiban,#22 J. Castres,#25 M. Jarme",2026-10-05T15:23:57Z,2,1,5329846D,D4FD54F9,4936F2AF,37358799,20.23,9.33,0,09-25-26 Evolve 2012,09-25-2026,Evolve 2012,Sport Manitoba,Exhibition,L
#21 K. Panginiban,Dynasty,Evolve 2012,DefReb,2026-10-05T15:39:16Z,"#8 A. Concepcion,#15 A. Weekes,#21 K. Panginiban,#22 J. Castres,#25 M. Jarme",2026-10-05T15:23:57Z,2,0,75AA519B,D4FD54F9,4936F2AF,37358799,,,0,09-25-26 Evolve 2012,09-25-2026,Evolve 2012,Sport Manitoba,Exhibition,L
Evolve 2012,Dynasty,Evolve 2012,Block,2026-10-05T15:39:25Z,"#8 A. Concepcion,#15 A. Weekes,#21 K. Panginiban,#22 J. Castres,#25 M. Jarme",2026-10-05T15:23:57Z,2,1,5329846D,D4FD54F9,4936F2AF,37358799,,,0,09-25-26 Evolve 2012,09-25-2026,Evolve 2012,Sport Manitoba,Exhibition,L
#22 J. Castres,Dynasty,Evolve 2012,Turnover,2026-10-05T15:39:33Z,"#8 A. Concepcion,#15 A. Weekes,#21 K. Panginiban,#22 J. Castres,#25 M. Jarme",2026-10-05T15:23:57Z,2,0,CAC97357,D4FD54F9,4936F2AF,37358799,,,0,09-25-26 Evolve 2012,09-25-2026,Evolve 2012,Sport Manitoba,Exhibition,L
#8 A. Concepcion,Dynasty,Evolve 2012,Steal,2026-10-05T15:39:42Z,"#8 A. Concepcion,#15 A. Weekes,#21 K. Panginiban,#22 J. Castres,#25 M. Jarme",2026-10-05T15:23:57Z,2,0,B2DB5FC6,D4FD54F9,4936F2AF,37358799,,,0,09-25-26 Evolve 2012,09-25-2026,Evolve 2012,Sport Manitoba,Exhibition,L
Evolve 2012,Dynasty,Evolve 2012,Turnover,2026-10-05T15:39:44Z,"#8 A. Concepcion,#15 A. Weekes,#21 K. Panginiban,#22 J. Castres,#25 M. Jarme",2026-10-05T15:23:57Z,2,1,5329846D,D4FD54F9,4936F2AF,37358799,,,0,09-25-26 Evolve 2012,09-25-2026,Evolve 2012,Sport Manitoba,Exhibition,L
#15 A. Weekes,Dynasty,Evolve 2012,TwoPointFGMiss,2026-10-05T15:40:20Z,"#8 A. Concepcion,#15 A. Weekes,#21 K. Panginiban,#22 J. Castres,#25 M. Jarme",2026-10-05T15:23:57Z,2,0,70E5F122,D4FD54F9,4936F2AF,37358799,27.67,8.83,0,09-25-26 Evolve 2012,09-25-2026,Evolve 2012,Sport Manitoba,Exhibition,L
Evolve 2012,Dynasty,Evolve 2012,Steal,2026-10-05T15:40:44Z,"#8 A. Concepcion,#15 A. Weekes,#21 K. Panginiban,#22 J. Castres,#25 M. Jarme",2026-10-05T15:23:57Z,2,1,5329846D,D4FD54F9,4936F2AF,37358799,,,0,09-25-26 Evolve 2012,09-25-2026,Evolve 2012,Sport Manitoba,Exhibition,L
#22 J. Castres,Dynasty,Evolve 2012,Turnover,2026-10-05T15:40:46Z,"#8 A. Concepcion,#15 A. Weekes,#21 K. Panginiban,#22 J. Castres,#25 M. Jarme",2026-10-05T15:23:57Z,2,0,CAC97357,D4FD54F9,4936F2AF,37358799,,,0,09-25-26 Evolve 2012,09-25-2026,Evolve 2012,Sport Manitoba,Exhibition,L
Evolve 2012,Dynasty,Evolve 2012,TwoPointFG,2026-10-05T15:40:53Z,"#8 A. Concepcion,#15 A. Weekes,#21 K. Panginiban,#22 J. Castres,#25 M. Jarme",2026-10-05T15:23:57Z,2,1,5329846D,D4FD54F9,4936F2AF,37358799,28.01,8.86,0,09-25-26 Evolve 2012,09-25-2026,Evolve 2012,Sport Manitoba,Exhibition,L
#15 A. Weekes,Dynasty,Evolve 2012,ThreePointFGMiss,2026-10-05T15:41:12Z,"#8 A. Concepcion,#15 A. Weekes,#21 K. Panginiban,#22 J. Castres,#25 M. Jarme",2026-10-05T15:23:57Z,2,0,70E5F122,D4FD54F9,4936F2AF,37358799,6.49,14.41,0,09-25-26 Evolve 2012,09-25-2026,Evolve 2012,Sport Manitoba,Exhibition,L
Evolve 2012,Dynasty,Evolve 2012,DefReb,2026-10-05T15:41:24Z,"#8 A. Concepcion,#15 A. Weekes,#21 K. Panginiban,#22 J. Castres,#25 M. Jarme",2026-10-05T15:23:57Z,2,1,5329846D,D4FD54F9,4936F2AF,37358799,,,0,09-25-26 Evolve 2012,09-25-2026,Evolve 2012,Sport Manitoba,Exhibition,L
Evolve 2012,Dynasty,Evolve 2012,TwoPointFGMiss,2026-10-05T15:41:33Z,"#8 A. Concepcion,#15 A. Weekes,#21 K. Panginiban,#22 J. Castres,#25 M. Jarme",2026-10-05T15:23:57Z,2,1,5329846D,D4FD54F9,4936F2AF,37358799,18.27,8.86,0,09-25-26 Evolve 2012,09-25-2026,Evolve 2012,Sport Manitoba,Exhibition,L
Evolve 2012,Dynasty,Evolve 2012,OffReb,2026-10-05T15:41:38Z,"#8 A. Concepcion,#15 A. Weekes,#21 K. Panginiban,#22 J. Castres,#25 M. Jarme",2026-10-05T15:23:57Z,2,1,5329846D,D4FD54F9,4936F2AF,37358799,,,0,09-25-26 Evolve 2012,09-25-2026,Evolve 2012,Sport Manitoba,Exhibition,L
Evolve 2012,Dynasty,Evolve 2012,TwoPointFGMiss,2026-10-05T15:41:42Z,"#8 A. Concepcion,#15 A. Weekes,#21 K. Panginiban,#22 J. Castres,#25 M. Jarme",2026-10-05T15:23:57Z,2,1,5329846D,D4FD54F9,4936F2AF,37358799,28.79,7.64,0,09-25-26 Evolve 2012,09-25-2026,Evolve 2012,Sport Manitoba,Exhibition,L
#15 A. Weekes,Dynasty,Evolve 2012,DefReb,2026-10-05T15:41:45Z,"#8 A. Concepcion,#15 A. Weekes,#21 K. Panginiban,#22 J. Castres,#25 M. Jarme",2026-10-05T15:23:57Z,2,0,70E5F122,D4FD54F9,4936F2AF,37358799,,,0,09-25-26 Evolve 2012,09-25-2026,Evolve 2012,Sport Manitoba,Exhibition,L
#8 A. Concepcion,Dynasty,Evolve 2012,TwoPointFG,2026-10-05T15:42:43Z,"#8 A. Concepcion,#15 A. Weekes,#21 K. Panginiban,#22 J. Castres,#25 M. Jarme",2026-10-05T15:23:57Z,2,0,B2DB5FC6,D4FD54F9,4936F2AF,37358799,14.92,22.01,0,09-25-26 Evolve 2012,09-25-2026,Evolve 2012,Sport Manitoba,Exhibition,L
#25 M. Jarme,Dynasty,Evolve 2012,Foul,2026-10-05T15:42:47Z,"#8 A. Concepcion,#15 A. Weekes,#21 K. Panginiban,#22 J. Castres,#25 M. Jarme",2026-10-05T15:23:57Z,2,0,7A8D9B70,D4FD54F9,4936F2AF,37358799,,,0,09-25-26 Evolve 2012,09-25-2026,Evolve 2012,Sport Manitoba,Exhibition,L
Evolve 2012,Dynasty,Evolve 2012,FloorTime,2026-10-05T15:43:16Z,"#3 A. Kuegle,#5 S. Marr,#15 A. Weekes,#21 K. Panginiban,#94 V. Harrison",2026-10-05T15:43:16Z,2,1,5329846D,D4FD54F9,4936F2AF,37358799,,,0,09-25-26 Evolve 2012,09-25-2026,Evolve 2012,Sport Manitoba,Exhibition,L
#15 A. Weekes,Dynasty,Evolve 2012,FloorTime,2026-10-05T15:43:16Z,"#3 A. Kuegle,#5 S. Marr,#15 A. Weekes,#21 K. Panginiban,#94 V. Harrison",2026-10-05T15:43:16Z,2,0,70E5F122,D4FD54F9,4936F2AF,37358799,,,0,09-25-26 Evolve 2012,09-25-2026,Evolve 2012,Sport Manitoba,Exhibition,L
#21 K. Panginiban,Dynasty,Evolve 2012,FloorTime,2026-10-05T15:43:16Z,"#3 A. Kuegle,#5 S. Marr,#15 A. Weekes,#21 K. Panginiban,#94 V. Harrison",2026-10-05T15:43:16Z,2,0,75AA519B,D4FD54F9,4936F2AF,37358799,,,0,09-25-26 Evolve 2012,09-25-2026,Evolve 2012,Sport Manitoba,Exhibition,L
#5 S. Marr,Dynasty,Evolve 2012,FloorTime,2026-10-05T15:43:16Z,"#3 A. Kuegle,#5 S. Marr,#15 A. Weekes,#21 K. Panginiban,#94 V. Harrison",2026-10-05T15:43:16Z,2,0,8F11D926,D4FD54F9,4936F2AF,37358799,,,0,09-25-26 Evolve 2012,09-25-2026,Evolve 2012,Sport Manitoba,Exhibition,L
#3 A. Kuegle,Dynasty,Evolve 2012,FloorTime,2026-10-05T15:43:16Z,"#3 A. Kuegle,#5 S. Marr,#15 A. Weekes,#21 K. Panginiban,#94 V. Harrison",2026-10-05T15:43:16Z,2,0,ED7CEFC7,D4FD54F9,4936F2AF,37358799,,,0,09-25-26 Evolve 2012,09-25-2026,Evolve 2012,Sport Manitoba,Exhibition,L
#94 V. Harrison,Dynasty,Evolve 2012,FloorTime,2026-10-05T15:43:16Z,"#3 A. Kuegle,#5 S. Marr,#15 A. Weekes,#21 K. Panginiban,#94 V. Harrison",2026-10-05T15:43:16Z,2,0,73029EE7,D4FD54F9,4936F2AF,37358799,,,0,09-25-26 Evolve 2012,09-25-2026,Evolve 2012,Sport Manitoba,Exhibition,L
Evolve 2012,Dynasty,Evolve 2012,ThreePointFGMiss,2026-10-05T15:43:51Z,"#3 A. Kuegle,#5 S. Marr,#15 A. Weekes,#21 K. Panginiban,#94 V. Harrison",2026-10-05T15:43:16Z,2,1,5329846D,D4FD54F9,4936F2AF,37358799,14.4,23.13,0,09-25-26 Evolve 2012,09-25-2026,Evolve 2012,Sport Manitoba,Exhibition,L
Evolve 2012,Dynasty,Evolve 2012,OffReb,2026-10-05T15:43:55Z,"#3 A. Kuegle,#5 S. Marr,#15 A. Weekes,#21 K. Panginiban,#94 V. Harrison",2026-10-05T15:43:16Z,2,1,5329846D,D4FD54F9,4936F2AF,37358799,,,0,09-25-26 Evolve 2012,09-25-2026,Evolve 2012,Sport Manitoba,Exhibition,L
Evolve 2012,Dynasty,Evolve 2012,TwoPointFGMiss,2026-10-05T15:44:04Z,"#3 A. Kuegle,#5 S. Marr,#15 A. Weekes,#21 K. Panginiban,#94 V. Harrison",2026-10-05T15:43:16Z,2,1,5329846D,D4FD54F9,4936F2AF,37358799,30.58,9.4,0,09-25-26 Evolve 2012,09-25-2026,Evolve 2012,Sport Manitoba,Exhibition,L
Evolve 2012,Dynasty,Evolve 2012,OffReb,2026-10-05T15:44:06Z,"#3 A. Kuegle,#5 S. Marr,#15 A. Weekes,#21 K. Panginiban,#94 V. Harrison",2026-10-05T15:43:16Z,2,1,5329846D,D4FD54F9,4936F2AF,37358799,,,0,09-25-26 Evolve 2012,09-25-2026,Evolve 2012,Sport Manitoba,Exhibition,L
Evolve 2012,Dynasty,Evolve 2012,TwoPointFGMiss,2026-10-05T15:44:13Z,"#3 A. Kuegle,#5 S. Marr,#15 A. Weekes,#21 K. Panginiban,#94 V. Harrison",2026-10-05T15:43:16Z,2,1,5329846D,D4FD54F9,4936F2AF,37358799,21.86,7.41,0,09-25-26 Evolve 2012,09-25-2026,Evolve 2012,Sport Manitoba,Exhibition,L
#94 V. Harrison,Dynasty,Evolve 2012,DefReb,2026-10-05T15:44:21Z,"#3 A. Kuegle,#5 S. Marr,#15 A. Weekes,#21 K. Panginiban,#94 V. Harrison",2026-10-05T15:43:16Z,2,0,73029EE7,D4FD54F9,4936F2AF,37358799,,,0,09-25-26 Evolve 2012,09-25-2026,Evolve 2012,Sport Manitoba,Exhibition,L
Evolve 2012,Dynasty,Evolve 2012,Foul,2026-10-05T15:44:23Z,"#3 A. Kuegle,#5 S. Marr,#15 A. Weekes,#21 K. Panginiban,#94 V. Harrison",2026-10-05T15:43:16Z,2,1,5329846D,D4FD54F9,4936F2AF,37358799,,,0,09-25-26 Evolve 2012,09-25-2026,Evolve 2012,Sport Manitoba,Exhibition,L
#15 A. Weekes,Dynasty,Evolve 2012,TwoPointFGMiss,2026-10-05T15:44:52Z,"#3 A. Kuegle,#5 S. Marr,#15 A. Weekes,#21 K. Panginiban,#94 V. Harrison",2026-10-05T15:43:16Z,2,0,70E5F122,D4FD54F9,4936F2AF,37358799,20.37,6.15,0,09-25-26 Evolve 2012,09-25-2026,Evolve 2012,Sport Manitoba,Exhibition,L
#21 K. Panginiban,Dynasty,Evolve 2012,TwoPointFGMiss,2026-10-05T15:45:18Z,"#3 A. Kuegle,#5 S. Marr,#15 A. Weekes,#21 K. Panginiban,#94 V. Harrison",2026-10-05T15:43:16Z,2,0,75AA519B,D4FD54F9,4936F2AF,37358799,27.5,6.86,0,09-25-26 Evolve 2012,09-25-2026,Evolve 2012,Sport Manitoba,Exhibition,L
Evolve 2012,Dynasty,Evolve 2012,DefReb,2026-10-05T15:45:19Z,"#3 A. Kuegle,#5 S. Marr,#15 A. Weekes,#21 K. Panginiban,#94 V. Harrison",2026-10-05T15:43:16Z,2,1,5329846D,D4FD54F9,4936F2AF,37358799,,,0,09-25-26 Evolve 2012,09-25-2026,Evolve 2012,Sport Manitoba,Exhibition,L
Evolve 2012,Dynasty,Evolve 2012,TwoPointFGMiss,2026-10-05T15:45:48Z,"#3 A. Kuegle,#5 S. Marr,#15 A. Weekes,#21 K. Panginiban,#94 V. Harrison",2026-10-05T15:43:16Z,2,1,5329846D,D4FD54F9,4936F2AF,37358799,30.92,9.13,0,09-25-26 Evolve 2012,09-25-2026,Evolve 2012,Sport Manitoba,Exhibition,L
Evolve 2012,Dynasty,Evolve 2012,OffReb,2026-10-05T15:45:52Z,"#3 A. Kuegle,#5 S. Marr,#15 A. Weekes,#21 K. Panginiban,#94 V. Harrison",2026-10-05T15:43:16Z,2,1,5329846D,D4FD54F9,4936F2AF,37358799,,,0,09-25-26 Evolve 2012,09-25-2026,Evolve 2012,Sport Manitoba,Exhibition,L
Evolve 2012,Dynasty,Evolve 2012,Turnover,2026-10-05T15:46:03Z,"#3 A. Kuegle,#5 S. Marr,#15 A. Weekes,#21 K. Panginiban,#94 V. Harrison",2026-10-05T15:43:16Z,2,1,5329846D,D4FD54F9,4936F2AF,37358799,,,0,09-25-26 Evolve 2012,09-25-2026,Evolve 2012,Sport Manitoba,Exhibition,L
#15 A. Weekes,Dynasty,Evolve 2012,ThreePointFGMiss,2026-10-05T15:46:28Z,"#3 A. Kuegle,#5 S. Marr,#15 A. Weekes,#21 K. Panginiban,#94 V. Harrison",2026-10-05T15:43:16Z,2,0,70E5F122,D4FD54F9,4936F2AF,37358799,9.68,19.68,0,09-25-26 Evolve 2012,09-25-2026,Evolve 2012,Sport Manitoba,Exhibition,L
Evolve 2012,Dynasty,Evolve 2012,DefReb,2026-10-05T15:46:33Z,"#3 A. Kuegle,#5 S. Marr,#15 A. Weekes,#21 K. Panginiban,#94 V. Harrison",2026-10-05T15:43:16Z,2,1,5329846D,D4FD54F9,4936F2AF,37358799,,,0,09-25-26 Evolve 2012,09-25-2026,Evolve 2012,Sport Manitoba,Exhibition,L
#94 V. Harrison,Dynasty,Evolve 2012,FloorTime,2026-10-05T15:46:42Z,"#3 A. Kuegle,#5 S. Marr,#21 K. Panginiban,#22 J. Castres,#94 V. Harrison",2026-10-05T15:46:42Z,2,0,73029EE7,D4FD54F9,4936F2AF,37358799,,,0,09-25-26 Evolve 2012,09-25-2026,Evolve 2012,Sport Manitoba,Exhibition,L
#5 S. Marr,Dynasty,Evolve 2012,FloorTime,2026-10-05T15:46:42Z,"#3 A. Kuegle,#5 S. Marr,#21 K. Panginiban,#22 J. Castres,#94 V. Harrison",2026-10-05T15:46:42Z,2,0,8F11D926,D4FD54F9,4936F2AF,37358799,,,0,09-25-26 Evolve 2012,09-25-2026,Evolve 2012,Sport Manitoba,Exhibition,L
Evolve 2012,Dynasty,Evolve 2012,FloorTime,2026-10-05T15:46:42Z,"#3 A. Kuegle,#5 S. Marr,#21 K. Panginiban,#22 J. Castres,#94 V. Harrison",2026-10-05T15:46:42Z,2,1,5329846D,D4FD54F9,4936F2AF,37358799,,,0,09-25-26 Evolve 2012,09-25-2026,Evolve 2012,Sport Manitoba,Exhibition,L
#21 K. Panginiban,Dynasty,Evolve 2012,FloorTime,2026-10-05T15:46:42Z,"#3 A. Kuegle,#5 S. Marr,#21 K. Panginiban,#22 J. Castres,#94 V. Harrison",2026-10-05T15:46:42Z,2,0,75AA519B,D4FD54F9,4936F2AF,37358799,,,0,09-25-26 Evolve 2012,09-25-2026,Evolve 2012,Sport Manitoba,Exhibition,L
#3 A. Kuegle,Dynasty,Evolve 2012,FloorTime,2026-10-05T15:46:42Z,"#3 A. Kuegle,#5 S. Marr,#21 K. Panginiban,#22 J. Castres,#94 V. Harrison",2026-10-05T15:46:42Z,2,0,ED7CEFC7,D4FD54F9,4936F2AF,37358799,,,0,09-25-26 Evolve 2012,09-25-2026,Evolve 2012,Sport Manitoba,Exhibition,L
#22 J. Castres,Dynasty,Evolve 2012,FloorTime,2026-10-05T15:46:42Z,"#3 A. Kuegle,#5 S. Marr,#21 K. Panginiban,#22 J. Castres,#94 V. Harrison",2026-10-05T15:46:42Z,2,0,CAC97357,D4FD54F9,4936F2AF,37358799,,,0,09-25-26 Evolve 2012,09-25-2026,Evolve 2012,Sport Manitoba,Exhibition,L
#22 J. Castres,Dynasty,Evolve 2012,Foul,2026-10-05T15:47:10Z,"#3 A. Kuegle,#5 S. Marr,#21 K. Panginiban,#22 J. Castres,#94 V. Harrison",2026-10-05T15:46:42Z,2,0,CAC97357,D4FD54F9,4936F2AF,37358799,,,0,09-25-26 Evolve 2012,09-25-2026,Evolve 2012,Sport Manitoba,Exhibition,L
Evolve 2012,Dynasty,Evolve 2012,OnePointFGMiss,2026-10-05T15:47:36Z,"#3 A. Kuegle,#5 S. Marr,#21 K. Panginiban,#22 J. Castres,#94 V. Harrison",2026-10-05T15:46:42Z,2,1,5329846D,D4FD54F9,4936F2AF,37358799,,,0,09-25-26 Evolve 2012,09-25-2026,Evolve 2012,Sport Manitoba,Exhibition,L
Evolve 2012,Dynasty,Evolve 2012,OnePointFG,2026-10-05T15:47:50Z,"#3 A. Kuegle,#5 S. Marr,#21 K. Panginiban,#22 J. Castres,#94 V. Harrison",2026-10-05T15:46:42Z,2,1,5329846D,D4FD54F9,4936F2AF,37358799,,,0,09-25-26 Evolve 2012,09-25-2026,Evolve 2012,Sport Manitoba,Exhibition,L
#21 K. Panginiban,Dynasty,Evolve 2012,TwoPointFG,2026-10-05T15:48:22Z,"#3 A. Kuegle,#5 S. Marr,#21 K. Panginiban,#22 J. Castres,#94 V. Harrison",2026-10-05T15:46:42Z,2,0,75AA519B,D4FD54F9,4936F2AF,37358799,12.79,19.17,0,09-25-26 Evolve 2012,09-25-2026,Evolve 2012,Sport Manitoba,Exhibition,L
#22 J. Castres,Dynasty,Evolve 2012,Assist,2026-10-05T15:48:39Z,"#3 A. Kuegle,#5 S. Marr,#21 K. Panginiban,#22 J. Castres,#94 V. Harrison",2026-10-05T15:46:42Z,2,0,CAC97357,D4FD54F9,4936F2AF,37358799,,,0,09-25-26 Evolve 2012,09-25-2026,Evolve 2012,Sport Manitoba,Exhibition,L
Evolve 2012,Dynasty,Evolve 2012,TwoPointFGMiss,2026-10-05T15:48:52Z,"#3 A. Kuegle,#5 S. Marr,#21 K. Panginiban,#22 J. Castres,#94 V. Harrison",2026-10-05T15:46:42Z,2,1,5329846D,D4FD54F9,4936F2AF,37358799,21.04,8.59,0,09-25-26 Evolve 2012,09-25-2026,Evolve 2012,Sport Manitoba,Exhibition,L
Evolve 2012,Dynasty,Evolve 2012,OffReb,2026-10-05T15:48:58Z,"#3 A. Kuegle,#5 S. Marr,#21 K. Panginiban,#22 J. Castres,#94 V. Harrison",2026-10-05T15:46:42Z,2,1,5329846D,D4FD54F9,4936F2AF,37358799,,,0,09-25-26 Evolve 2012,09-25-2026,Evolve 2012,Sport Manitoba,Exhibition,L
Evolve 2012,Dynasty,Evolve 2012,TwoPointFG,2026-10-05T15:49:16Z,"#3 A. Kuegle,#5 S. Marr,#21 K. Panginiban,#22 J. Castres,#94 V. Harrison",2026-10-05T15:46:42Z,2,1,5329846D,D4FD54F9,4936F2AF,37358799,30.28,7.2,0,09-25-26 Evolve 2012,09-25-2026,Evolve 2012,Sport Manitoba,Exhibition,L
#5 S. Marr,Dynasty,Evolve 2012,Turnover,2026-10-05T15:49:49Z,"#3 A. Kuegle,#5 S. Marr,#21 K. Panginiban,#22 J. Castres,#94 V. Harrison",2026-10-05T15:46:42Z,2,0,8F11D926,D4FD54F9,4936F2AF,37358799,,,0,09-25-26 Evolve 2012,09-25-2026,Evolve 2012,Sport Manitoba,Exhibition,L
Evolve 2012,Dynasty,Evolve 2012,Steal,2026-10-05T15:49:52Z,"#3 A. Kuegle,#5 S. Marr,#21 K. Panginiban,#22 J. Castres,#94 V. Harrison",2026-10-05T15:46:42Z,2,1,5329846D,D4FD54F9,4936F2AF,37358799,,,0,09-25-26 Evolve 2012,09-25-2026,Evolve 2012,Sport Manitoba,Exhibition,L
Evolve 2012,Dynasty,Evolve 2012,TwoPointFG,2026-10-05T15:50:05Z,"#3 A. Kuegle,#5 S. Marr,#21 K. Panginiban,#22 J. Castres,#94 V. Harrison",2026-10-05T15:46:42Z,2,1,5329846D,D4FD54F9,4936F2AF,37358799,29.67,8.08,0,09-25-26 Evolve 2012,09-25-2026,Evolve 2012,Sport Manitoba,Exhibition,L
Evolve 2012,Dynasty,Evolve 2012,Assist,2026-10-05T15:50:06Z,"#3 A. Kuegle,#5 S. Marr,#21 K. Panginiban,#22 J. Castres,#94 V. Harrison",2026-10-05T15:46:42Z,2,1,5329846D,D4FD54F9,4936F2AF,37358799,,,0,09-25-26 Evolve 2012,09-25-2026,Evolve 2012,Sport Manitoba,Exhibition,L
Evolve 2012,Dynasty,Evolve 2012,Steal,2026-10-05T15:50:20Z,"#3 A. Kuegle,#5 S. Marr,#21 K. Panginiban,#22 J. Castres,#94 V. Harrison",2026-10-05T15:46:42Z,2,1,5329846D,D4FD54F9,4936F2AF,37358799,,,0,09-25-26 Evolve 2012,09-25-2026,Evolve 2012,Sport Manitoba,Exhibition,L
#22 J. Castres,Dynasty,Evolve 2012,Turnover,2026-10-05T15:50:21Z,"#3 A. Kuegle,#5 S. Marr,#21 K. Panginiban,#22 J. Castres,#94 V. Harrison",2026-10-05T15:46:42Z,2,0,CAC97357,D4FD54F9,4936F2AF,37358799,,,0,09-25-26 Evolve 2012,09-25-2026,Evolve 2012,Sport Manitoba,Exhibition,L
Evolve 2012,Dynasty,Evolve 2012,Assist,2026-10-05T15:50:31Z,"#3 A. Kuegle,#5 S. Marr,#21 K. Panginiban,#22 J. Castres,#94 V. Harrison",2026-10-05T15:46:42Z,2,1,5329846D,D4FD54F9,4936F2AF,37358799,,,0,09-25-26 Evolve 2012,09-25-2026,Evolve 2012,Sport Manitoba,Exhibition,L
Evolve 2012,Dynasty,Evolve 2012,TwoPointFG,2026-10-05T15:50:35Z,"#3 A. Kuegle,#5 S. Marr,#21 K. Panginiban,#22 J. Castres,#94 V. Harrison",2026-10-05T15:46:42Z,2,1,5329846D,D4FD54F9,4936F2AF,37358799,29.77,8.56,0,09-25-26 Evolve 2012,09-25-2026,Evolve 2012,Sport Manitoba,Exhibition,L
Evolve 2012,Dynasty,Evolve 2012,FloorTime,2026-10-05T16:02:14Z,"#3 A. Kuegle,#21 K. Panginiban,#22 J. Castres,#25 M. Jarme,#94 V. Harrison",2026-10-05T16:02:14Z,2,1,5329846D,D4FD54F9,4936F2AF,37358799,,,0,09-25-26 Evolve 2012,09-25-2026,Evolve 2012,Sport Manitoba,Exhibition,L
#94 V. Harrison,Dynasty,Evolve 2012,FloorTime,2026-10-05T16:02:14Z,"#3 A. Kuegle,#21 K. Panginiban,#22 J. Castres,#25 M. Jarme,#94 V. Harrison",2026-10-05T16:02:14Z,2,0,73029EE7,D4FD54F9,4936F2AF,37358799,,,0,09-25-26 Evolve 2012,09-25-2026,Evolve 2012,Sport Manitoba,Exhibition,L
#22 J. Castres,Dynasty,Evolve 2012,FloorTime,2026-10-05T16:02:14Z,"#3 A. Kuegle,#21 K. Panginiban,#22 J. Castres,#25 M. Jarme,#94 V. Harrison",2026-10-05T16:02:14Z,2,0,CAC97357,D4FD54F9,4936F2AF,37358799,,,0,09-25-26 Evolve 2012,09-25-2026,Evolve 2012,Sport Manitoba,Exhibition,L
#21 K. Panginiban,Dynasty,Evolve 2012,FloorTime,2026-10-05T16:02:14Z,"#3 A. Kuegle,#21 K. Panginiban,#22 J. Castres,#25 M. Jarme,#94 V. Harrison",2026-10-05T16:02:14Z,2,0,75AA519B,D4FD54F9,4936F2AF,37358799,,,0,09-25-26 Evolve 2012,09-25-2026,Evolve 2012,Sport Manitoba,Exhibition,L
#3 A. Kuegle,Dynasty,Evolve 2012,FloorTime,2026-10-05T16:02:14Z,"#3 A. Kuegle,#21 K. Panginiban,#22 J. Castres,#25 M. Jarme,#94 V. Harrison",2026-10-05T16:02:14Z,2,0,ED7CEFC7,D4FD54F9,4936F2AF,37358799,,,0,09-25-26 Evolve 2012,09-25-2026,Evolve 2012,Sport Manitoba,Exhibition,L
#25 M. Jarme,Dynasty,Evolve 2012,FloorTime,2026-10-05T16:02:14Z,"#3 A. Kuegle,#21 K. Panginiban,#22 J. Castres,#25 M. Jarme,#94 V. Harrison",2026-10-05T16:02:14Z,2,0,7A8D9B70,D4FD54F9,4936F2AF,37358799,,,0,09-25-26 Evolve 2012,09-25-2026,Evolve 2012,Sport Manitoba,Exhibition,L
#21 K. Panginiban,Dynasty,Evolve 2012,Turnover,2026-10-05T16:02:39Z,"#3 A. Kuegle,#21 K. Panginiban,#22 J. Castres,#25 M. Jarme,#94 V. Harrison",2026-10-05T16:02:14Z,2,0,75AA519B,D4FD54F9,4936F2AF,37358799,,,0,09-25-26 Evolve 2012,09-25-2026,Evolve 2012,Sport Manitoba,Exhibition,L
#94 V. Harrison,Dynasty,Evolve 2012,Foul,2026-10-05T16:02:56Z,"#3 A. Kuegle,#21 K. Panginiban,#22 J. Castres,#25 M. Jarme,#94 V. Harrison",2026-10-05T16:02:14Z,2,0,73029EE7,D4FD54F9,4936F2AF,37358799,,,0,09-25-26 Evolve 2012,09-25-2026,Evolve 2012,Sport Manitoba,Exhibition,L
Evolve 2012,Dynasty,Evolve 2012,OnePointFGMiss,2026-10-05T16:03:15Z,"#3 A. Kuegle,#21 K. Panginiban,#22 J. Castres,#25 M. Jarme,#94 V. Harrison",2026-10-05T16:02:14Z,2,1,5329846D,D4FD54F9,4936F2AF,37358799,,,0,09-25-26 Evolve 2012,09-25-2026,Evolve 2012,Sport Manitoba,Exhibition,L
Evolve 2012,Dynasty,Evolve 2012,OnePointFGMiss,2026-10-05T16:03:31Z,"#3 A. Kuegle,#21 K. Panginiban,#22 J. Castres,#25 M. Jarme,#94 V. Harrison",2026-10-05T16:02:14Z,2,1,5329846D,D4FD54F9,4936F2AF,37358799,,,0,09-25-26 Evolve 2012,09-25-2026,Evolve 2012,Sport Manitoba,Exhibition,L
#21 K. Panginiban,Dynasty,Evolve 2012,DefReb,2026-10-05T16:03:33Z,"#3 A. Kuegle,#21 K. Panginiban,#22 J. Castres,#25 M. Jarme,#94 V. Harrison",2026-10-05T16:02:14Z,2,0,75AA519B,D4FD54F9,4936F2AF,37358799,,,0,09-25-26 Evolve 2012,09-25-2026,Evolve 2012,Sport Manitoba,Exhibition,L
#94 V. Harrison,Dynasty,Evolve 2012,FloorTime,2026-10-05T16:03:54Z,"#21 K. Panginiban,#22 J. Castres,#24 J. Rangi,#25 M. Jarme,#94 V. Harrison",2026-10-05T16:03:54Z,2,0,73029EE7,D4FD54F9,4936F2AF,37358799,,,0,09-25-26 Evolve 2012,09-25-2026,Evolve 2012,Sport Manitoba,Exhibition,L
#21 K. Panginiban,Dynasty,Evolve 2012,FloorTime,2026-10-05T16:03:54Z,"#21 K. Panginiban,#22 J. Castres,#24 J. Rangi,#25 M. Jarme,#94 V. Harrison",2026-10-05T16:03:54Z,2,0,75AA519B,D4FD54F9,4936F2AF,37358799,,,0,09-25-26 Evolve 2012,09-25-2026,Evolve 2012,Sport Manitoba,Exhibition,L
#25 M. Jarme,Dynasty,Evolve 2012,FloorTime,2026-10-05T16:03:54Z,"#21 K. Panginiban,#22 J. Castres,#24 J. Rangi,#25 M. Jarme,#94 V. Harrison",2026-10-05T16:03:54Z,2,0,7A8D9B70,D4FD54F9,4936F2AF,37358799,,,0,09-25-26 Evolve 2012,09-25-2026,Evolve 2012,Sport Manitoba,Exhibition,L
#22 J. Castres,Dynasty,Evolve 2012,FloorTime,2026-10-05T16:03:54Z,"#21 K. Panginiban,#22 J. Castres,#24 J. Rangi,#25 M. Jarme,#94 V. Harrison",2026-10-05T16:03:54Z,2,0,CAC97357,D4FD54F9,4936F2AF,37358799,,,0,09-25-26 Evolve 2012,09-25-2026,Evolve 2012,Sport Manitoba,Exhibition,L
Evolve 2012,Dynasty,Evolve 2012,FloorTime,2026-10-05T16:03:54Z,"#21 K. Panginiban,#22 J. Castres,#24 J. Rangi,#25 M. Jarme,#94 V. Harrison",2026-10-05T16:03:54Z,2,1,5329846D,D4FD54F9,4936F2AF,37358799,,,0,09-25-26 Evolve 2012,09-25-2026,Evolve 2012,Sport Manitoba,Exhibition,L
#24 J. Rangi,Dynasty,Evolve 2012,FloorTime,2026-10-05T16:03:54Z,"#21 K. Panginiban,#22 J. Castres,#24 J. Rangi,#25 M. Jarme,#94 V. Harrison",2026-10-05T16:03:54Z,2,0,DB1A5BF2,D4FD54F9,4936F2AF,37358799,,,0,09-25-26 Evolve 2012,09-25-2026,Evolve 2012,Sport Manitoba,Exhibition,L
#94 V. Harrison,Dynasty,Evolve 2012,TwoPointFGMiss,2026-10-05T16:04:40Z,"#21 K. Panginiban,#22 J. Castres,#24 J. Rangi,#25 M. Jarme,#94 V. Harrison",2026-10-05T16:03:54Z,2,0,73029EE7,D4FD54F9,4936F2AF,37358799,18.03,8.45,0,09-25-26 Evolve 2012,09-25-2026,Evolve 2012,Sport Manitoba,Exhibition,L
#24 J. Rangi,Dynasty,Evolve 2012,OffReb,2026-10-05T16:04:48Z,"#21 K. Panginiban,#22 J. Castres,#24 J. Rangi,#25 M. Jarme,#94 V. Harrison",2026-10-05T16:03:54Z,2,0,DB1A5BF2,D4FD54F9,4936F2AF,37358799,,,0,09-25-26 Evolve 2012,09-25-2026,Evolve 2012,Sport Manitoba,Exhibition,L
#24 J. Rangi,Dynasty,Evolve 2012,Turnover,2026-10-05T16:04:51Z,"#21 K. Panginiban,#22 J. Castres,#24 J. Rangi,#25 M. Jarme,#94 V. Harrison",2026-10-05T16:03:54Z,2,0,DB1A5BF2,D4FD54F9,4936F2AF,37358799,,,0,09-25-26 Evolve 2012,09-25-2026,Evolve 2012,Sport Manitoba,Exhibition,L
Evolve 2012,Dynasty,Evolve 2012,TwoPointFG,2026-10-05T16:05:01Z,"#21 K. Panginiban,#22 J. Castres,#24 J. Rangi,#25 M. Jarme,#94 V. Harrison",2026-10-05T16:03:54Z,2,1,5329846D,D4FD54F9,4936F2AF,37358799,28.99,8.86,0,09-25-26 Evolve 2012,09-25-2026,Evolve 2012,Sport Manitoba,Exhibition,L
Evolve 2012,Dynasty,Evolve 2012,Steal,2026-10-05T16:05:11Z,"#21 K. Panginiban,#22 J. Castres,#24 J. Rangi,#25 M. Jarme,#94 V. Harrison",2026-10-05T16:03:54Z,2,1,5329846D,D4FD54F9,4936F2AF,37358799,,,0,09-25-26 Evolve 2012,09-25-2026,Evolve 2012,Sport Manitoba,Exhibition,L
#25 M. Jarme,Dynasty,Evolve 2012,Turnover,2026-10-05T16:05:13Z,"#21 K. Panginiban,#22 J. Castres,#24 J. Rangi,#25 M. Jarme,#94 V. Harrison",2026-10-05T16:03:54Z,2,0,7A8D9B70,D4FD54F9,4936F2AF,37358799,,,0,09-25-26 Evolve 2012,09-25-2026,Evolve 2012,Sport Manitoba,Exhibition,L
#25 M. Jarme,Dynasty,Evolve 2012,Foul,2026-10-05T16:05:23Z,"#21 K. Panginiban,#22 J. Castres,#24 J. Rangi,#25 M. Jarme,#94 V. Harrison",2026-10-05T16:03:54Z,2,0,7A8D9B70,D4FD54F9,4936F2AF,37358799,,,0,09-25-26 Evolve 2012,09-25-2026,Evolve 2012,Sport Manitoba,Exhibition,L
Evolve 2012,Dynasty,Evolve 2012,OnePointFGMiss,2026-10-05T16:05:41Z,"#21 K. Panginiban,#22 J. Castres,#24 J. Rangi,#25 M. Jarme,#94 V. Harrison",2026-10-05T16:03:54Z,2,1,5329846D,D4FD54F9,4936F2AF,37358799,,,0,09-25-26 Evolve 2012,09-25-2026,Evolve 2012,Sport Manitoba,Exhibition,L
Evolve 2012,Dynasty,Evolve 2012,OnePointFGMiss,2026-10-05T16:06:01Z,"#21 K. Panginiban,#22 J. Castres,#24 J. Rangi,#25 M. Jarme,#94 V. Harrison",2026-10-05T16:03:54Z,2,1,5329846D,D4FD54F9,4936F2AF,37358799,,,0,09-25-26 Evolve 2012,09-25-2026,Evolve 2012,Sport Manitoba,Exhibition,L
Evolve 2012,Dynasty,Evolve 2012,Foul,2026-10-05T16:06:02Z,"#21 K. Panginiban,#22 J. Castres,#24 J. Rangi,#25 M. Jarme,#94 V. Harrison",2026-10-05T16:03:54Z,2,1,5329846D,D4FD54F9,4936F2AF,37358799,,,0,09-25-26 Evolve 2012,09-25-2026,Evolve 2012,Sport Manitoba,Exhibition,L
#25 M. Jarme,Dynasty,Evolve 2012,FloorTime,2026-10-05T16:06:25Z,"#8 A. Concepcion,#21 K. Panginiban,#24 J. Rangi,#25 M. Jarme,#94 V. Harrison",2026-10-05T16:06:25Z,2,0,7A8D9B70,D4FD54F9,4936F2AF,37358799,,,0,09-25-26 Evolve 2012,09-25-2026,Evolve 2012,Sport Manitoba,Exhibition,L
Evolve 2012,Dynasty,Evolve 2012,FloorTime,2026-10-05T16:06:25Z,"#8 A. Concepcion,#21 K. Panginiban,#24 J. Rangi,#25 M. Jarme,#94 V. Harrison",2026-10-05T16:06:25Z,2,1,5329846D,D4FD54F9,4936F2AF,37358799,,,0,09-25-26 Evolve 2012,09-25-2026,Evolve 2012,Sport Manitoba,Exhibition,L
#21 K. Panginiban,Dynasty,Evolve 2012,FloorTime,2026-10-05T16:06:25Z,"#8 A. Concepcion,#21 K. Panginiban,#24 J. Rangi,#25 M. Jarme,#94 V. Harrison",2026-10-05T16:06:25Z,2,0,75AA519B,D4FD54F9,4936F2AF,37358799,,,0,09-25-26 Evolve 2012,09-25-2026,Evolve 2012,Sport Manitoba,Exhibition,L
#94 V. Harrison,Dynasty,Evolve 2012,FloorTime,2026-10-05T16:06:25Z,"#8 A. Concepcion,#21 K. Panginiban,#24 J. Rangi,#25 M. Jarme,#94 V. Harrison",2026-10-05T16:06:25Z,2,0,73029EE7,D4FD54F9,4936F2AF,37358799,,,0,09-25-26 Evolve 2012,09-25-2026,Evolve 2012,Sport Manitoba,Exhibition,L
#24 J. Rangi,Dynasty,Evolve 2012,FloorTime,2026-10-05T16:06:25Z,"#8 A. Concepcion,#21 K. Panginiban,#24 J. Rangi,#25 M. Jarme,#94 V. Harrison",2026-10-05T16:06:25Z,2,0,DB1A5BF2,D4FD54F9,4936F2AF,37358799,,,0,09-25-26 Evolve 2012,09-25-2026,Evolve 2012,Sport Manitoba,Exhibition,L
#8 A. Concepcion,Dynasty,Evolve 2012,FloorTime,2026-10-05T16:06:25Z,"#8 A. Concepcion,#21 K. Panginiban,#24 J. Rangi,#25 M. Jarme,#94 V. Harrison",2026-10-05T16:06:25Z,2,0,B2DB5FC6,D4FD54F9,4936F2AF,37358799,,,0,09-25-26 Evolve 2012,09-25-2026,Evolve 2012,Sport Manitoba,Exhibition,L
Evolve 2012,Dynasty,Evolve 2012,Block,2026-10-05T16:06:49Z,"#8 A. Concepcion,#21 K. Panginiban,#24 J. Rangi,#25 M. Jarme,#94 V. Harrison",2026-10-05T16:06:25Z,2,1,5329846D,D4FD54F9,4936F2AF,37358799,,,0,09-25-26 Evolve 2012,09-25-2026,Evolve 2012,Sport Manitoba,Exhibition,L
#94 V. Harrison,Dynasty,Evolve 2012,Turnover,2026-10-05T16:06:53Z,"#8 A. Concepcion,#21 K. Panginiban,#24 J. Rangi,#25 M. Jarme,#94 V. Harrison",2026-10-05T16:06:25Z,2,0,73029EE7,D4FD54F9,4936F2AF,37358799,,,0,09-25-26 Evolve 2012,09-25-2026,Evolve 2012,Sport Manitoba,Exhibition,L
#25 M. Jarme,Dynasty,Evolve 2012,Steal,2026-10-05T16:07:04Z,"#8 A. Concepcion,#21 K. Panginiban,#24 J. Rangi,#25 M. Jarme,#94 V. Harrison",2026-10-05T16:06:25Z,2,0,7A8D9B70,D4FD54F9,4936F2AF,37358799,,,0,09-25-26 Evolve 2012,09-25-2026,Evolve 2012,Sport Manitoba,Exhibition,L
Evolve 2012,Dynasty,Evolve 2012,Turnover,2026-10-05T16:07:08Z,"#8 A. Concepcion,#21 K. Panginiban,#24 J. Rangi,#25 M. Jarme,#94 V. Harrison",2026-10-05T16:06:25Z,2,1,5329846D,D4FD54F9,4936F2AF,37358799,,,0,09-25-26 Evolve 2012,09-25-2026,Evolve 2012,Sport Manitoba,Exhibition,L
#21 K. Panginiban,Dynasty,Evolve 2012,TwoPointFGMiss,2026-10-05T16:07:25Z,"#8 A. Concepcion,#21 K. Panginiban,#24 J. Rangi,#25 M. Jarme,#94 V. Harrison",2026-10-05T16:06:25Z,2,0,75AA519B,D4FD54F9,4936F2AF,37358799,22.63,7.2,0,09-25-26 Evolve 2012,09-25-2026,Evolve 2012,Sport Manitoba,Exhibition,L
Evolve 2012,Dynasty,Evolve 2012,Turnover,2026-10-05T16:07:38Z,"#8 A. Concepcion,#21 K. Panginiban,#24 J. Rangi,#25 M. Jarme,#94 V. Harrison",2026-10-05T16:06:25Z,2,1,5329846D,D4FD54F9,4936F2AF,37358799,,,0,09-25-26 Evolve 2012,09-25-2026,Evolve 2012,Sport Manitoba,Exhibition,L
#24 J. Rangi,Dynasty,Evolve 2012,FloorTime,2026-10-05T16:08:34Z,"#8 A. Concepcion,#21 K. Panginiban,#24 J. Rangi,#25 M. Jarme,#94 V. Harrison",2026-10-05T16:08:34Z,3,0,DB1A5BF2,D4FD54F9,4936F2AF,37358799,,,0,09-25-26 Evolve 2012,09-25-2026,Evolve 2012,Sport Manitoba,Exhibition,L
#21 K. Panginiban,Dynasty,Evolve 2012,FloorTime,2026-10-05T16:08:34Z,"#8 A. Concepcion,#21 K. Panginiban,#24 J. Rangi,#25 M. Jarme,#94 V. Harrison",2026-10-05T16:08:34Z,3,0,75AA519B,D4FD54F9,4936F2AF,37358799,,,0,09-25-26 Evolve 2012,09-25-2026,Evolve 2012,Sport Manitoba,Exhibition,L
#94 V. Harrison,Dynasty,Evolve 2012,FloorTime,2026-10-05T16:08:34Z,"#8 A. Concepcion,#21 K. Panginiban,#24 J. Rangi,#25 M. Jarme,#94 V. Harrison",2026-10-05T16:08:34Z,3,0,73029EE7,D4FD54F9,4936F2AF,37358799,,,0,09-25-26 Evolve 2012,09-25-2026,Evolve 2012,Sport Manitoba,Exhibition,L
#8 A. Concepcion,Dynasty,Evolve 2012,FloorTime,2026-10-05T16:08:34Z,"#8 A. Concepcion,#21 K. Panginiban,#24 J. Rangi,#25 M. Jarme,#94 V. Harrison",2026-10-05T16:08:34Z,3,0,B2DB5FC6,D4FD54F9,4936F2AF,37358799,,,0,09-25-26 Evolve 2012,09-25-2026,Evolve 2012,Sport Manitoba,Exhibition,L
#25 M. Jarme,Dynasty,Evolve 2012,FloorTime,2026-10-05T16:08:34Z,"#8 A. Concepcion,#21 K. Panginiban,#24 J. Rangi,#25 M. Jarme,#94 V. Harrison",2026-10-05T16:08:34Z,3,0,7A8D9B70,D4FD54F9,4936F2AF,37358799,,,0,09-25-26 Evolve 2012,09-25-2026,Evolve 2012,Sport Manitoba,Exhibition,L
Evolve 2012,Dynasty,Evolve 2012,FloorTime,2026-10-05T16:08:34Z,"#8 A. Concepcion,#21 K. Panginiban,#24 J. Rangi,#25 M. Jarme,#94 V. Harrison",2026-10-05T16:08:34Z,3,1,5329846D,D4FD54F9,4936F2AF,37358799,,,0,09-25-26 Evolve 2012,09-25-2026,Evolve 2012,Sport Manitoba,Exhibition,L
#8 A. Concepcion,Dynasty,Evolve 2012,Turnover,2026-10-05T16:08:56Z,"#8 A. Concepcion,#21 K. Panginiban,#24 J. Rangi,#25 M. Jarme,#94 V. Harrison",2026-10-05T16:08:34Z,3,0,B2DB5FC6,D4FD54F9,4936F2AF,37358799,,,0,09-25-26 Evolve 2012,09-25-2026,Evolve 2012,Sport Manitoba,Exhibition,L
Evolve 2012,Dynasty,Evolve 2012,Steal,2026-10-05T16:08:57Z,"#8 A. Concepcion,#21 K. Panginiban,#24 J. Rangi,#25 M. Jarme,#94 V. Harrison",2026-10-05T16:08:34Z,3,1,5329846D,D4FD54F9,4936F2AF,37358799,,,0,09-25-26 Evolve 2012,09-25-2026,Evolve 2012,Sport Manitoba,Exhibition,L
Evolve 2012,Dynasty,Evolve 2012,Turnover,2026-10-05T16:09:02Z,"#8 A. Concepcion,#21 K. Panginiban,#24 J. Rangi,#25 M. Jarme,#94 V. Harrison",2026-10-05T16:08:34Z,3,1,5329846D,D4FD54F9,4936F2AF,37358799,,,0,09-25-26 Evolve 2012,09-25-2026,Evolve 2012,Sport Manitoba,Exhibition,L
#8 A. Concepcion,Dynasty,Evolve 2012,Turnover,2026-10-05T16:10:23Z,"#8 A. Concepcion,#21 K. Panginiban,#24 J. Rangi,#25 M. Jarme,#94 V. Harrison",2026-10-05T16:08:34Z,3,0,B2DB5FC6,D4FD54F9,4936F2AF,37358799,,,0,09-25-26 Evolve 2012,09-25-2026,Evolve 2012,Sport Manitoba,Exhibition,L
Evolve 2012,Dynasty,Evolve 2012,Steal,2026-10-05T16:10:27Z,"#8 A. Concepcion,#21 K. Panginiban,#24 J. Rangi,#25 M. Jarme,#94 V. Harrison",2026-10-05T16:08:34Z,3,1,5329846D,D4FD54F9,4936F2AF,37358799,,,0,09-25-26 Evolve 2012,09-25-2026,Evolve 2012,Sport Manitoba,Exhibition,L
#8 A. Concepcion,Dynasty,Evolve 2012,Foul,2026-10-05T16:10:30Z,"#8 A. Concepcion,#21 K. Panginiban,#24 J. Rangi,#25 M. Jarme,#94 V. Harrison",2026-10-05T16:08:34Z,3,0,B2DB5FC6,D4FD54F9,4936F2AF,37358799,,,0,09-25-26 Evolve 2012,09-25-2026,Evolve 2012,Sport Manitoba,Exhibition,L
Evolve 2012,Dynasty,Evolve 2012,TwoPointFGMiss,2026-10-05T16:11:01Z,"#8 A. Concepcion,#21 K. Panginiban,#24 J. Rangi,#25 M. Jarme,#94 V. Harrison",2026-10-05T16:08:34Z,3,1,5329846D,D4FD54F9,4936F2AF,37358799,20.47,11.7,0,09-25-26 Evolve 2012,09-25-2026,Evolve 2012,Sport Manitoba,Exhibition,L
#8 A. Concepcion,Dynasty,Evolve 2012,TwoPointFGMiss,2026-10-05T16:11:33Z,"#8 A. Concepcion,#21 K. Panginiban,#24 J. Rangi,#25 M. Jarme,#94 V. Harrison",2026-10-05T16:08:34Z,3,0,B2DB5FC6,D4FD54F9,4936F2AF,37358799,30.41,6.05,0,09-25-26 Evolve 2012,09-25-2026,Evolve 2012,Sport Manitoba,Exhibition,L
Evolve 2012,Dynasty,Evolve 2012,DefReb,2026-10-05T16:11:36Z,"#8 A. Concepcion,#21 K. Panginiban,#24 J. Rangi,#25 M. Jarme,#94 V. Harrison",2026-10-05T16:08:34Z,3,1,5329846D,D4FD54F9,4936F2AF,37358799,,,0,09-25-26 Evolve 2012,09-25-2026,Evolve 2012,Sport Manitoba,Exhibition,L
Evolve 2012,Dynasty,Evolve 2012,TwoPointFGMiss,2026-10-05T16:11:49Z,"#8 A. Concepcion,#21 K. Panginiban,#24 J. Rangi,#25 M. Jarme,#94 V. Harrison",2026-10-05T16:08:34Z,3,1,5329846D,D4FD54F9,4936F2AF,37358799,29.19,7.03,0,09-25-26 Evolve 2012,09-25-2026,Evolve 2012,Sport Manitoba,Exhibition,L
Evolve 2012,Dynasty,Evolve 2012,OffReb,2026-10-05T16:11:51Z,"#8 A. Concepcion,#21 K. Panginiban,#24 J. Rangi,#25 M. Jarme,#94 V. Harrison",2026-10-05T16:08:34Z,3,1,5329846D,D4FD54F9,4936F2AF,37358799,,,0,09-25-26 Evolve 2012,09-25-2026,Evolve 2012,Sport Manitoba,Exhibition,L
Evolve 2012,Dynasty,Evolve 2012,TwoPointFGMiss,2026-10-05T16:12:09Z,"#8 A. Concepcion,#21 K. Panginiban,#24 J. Rangi,#25 M. Jarme,#94 V. Harrison",2026-10-05T16:08:34Z,3,1,5329846D,D4FD54F9,4936F2AF,37358799,26.52,13.97,0,09-25-26 Evolve 2012,09-25-2026,Evolve 2012,Sport Manitoba,Exhibition,L
Evolve 2012,Dynasty,Evolve 2012,Turnover,2026-10-05T16:12:12Z,"#8 A. Concepcion,#21 K. Panginiban,#24 J. Rangi,#25 M. Jarme,#94 V. Harrison",2026-10-05T16:08:34Z,3,1,5329846D,D4FD54F9,4936F2AF,37358799,,,0,09-25-26 Evolve 2012,09-25-2026,Evolve 2012,Sport Manitoba,Exhibition,L
#25 M. Jarme,Dynasty,Evolve 2012,Turnover,2026-10-05T16:12:39Z,"#8 A. Concepcion,#21 K. Panginiban,#24 J. Rangi,#25 M. Jarme,#94 V. Harrison",2026-10-05T16:08:34Z,3,0,7A8D9B70,D4FD54F9,4936F2AF,37358799,,,0,09-25-26 Evolve 2012,09-25-2026,Evolve 2012,Sport Manitoba,Exhibition,L
#21 K. Panginiban,Dynasty,Evolve 2012,Foul,2026-10-05T16:13:04Z,"#8 A. Concepcion,#21 K. Panginiban,#24 J. Rangi,#25 M. Jarme,#94 V. Harrison",2026-10-05T16:08:34Z,3,0,75AA519B,D4FD54F9,4936F2AF,37358799,,,0,09-25-26 Evolve 2012,09-25-2026,Evolve 2012,Sport Manitoba,Exhibition,L
Evolve 2012,Dynasty,Evolve 2012,OnePointFG,2026-10-05T16:13:29Z,"#8 A. Concepcion,#21 K. Panginiban,#24 J. Rangi,#25 M. Jarme,#94 V. Harrison",2026-10-05T16:08:34Z,3,1,5329846D,D4FD54F9,4936F2AF,37358799,,,0,09-25-26 Evolve 2012,09-25-2026,Evolve 2012,Sport Manitoba,Exhibition,L
Evolve 2012,Dynasty,Evolve 2012,OnePointFGMiss,2026-10-05T16:13:46Z,"#8 A. Concepcion,#21 K. Panginiban,#24 J. Rangi,#25 M. Jarme,#94 V. Harrison",2026-10-05T16:08:34Z,3,1,5329846D,D4FD54F9,4936F2AF,37358799,,,0,09-25-26 Evolve 2012,09-25-2026,Evolve 2012,Sport Manitoba,Exhibition,L
#21 K. Panginiban,Dynasty,Evolve 2012,DefReb,2026-10-05T16:13:48Z,"#8 A. Concepcion,#21 K. Panginiban,#24 J. Rangi,#25 M. Jarme,#94 V. Harrison",2026-10-05T16:08:34Z,3,0,75AA519B,D4FD54F9,4936F2AF,37358799,,,0,09-25-26 Evolve 2012,09-25-2026,Evolve 2012,Sport Manitoba,Exhibition,L
#21 K. Panginiban,Dynasty,Evolve 2012,TwoPointFGMiss,2026-10-05T16:14:02Z,"#8 A. Concepcion,#21 K. Panginiban,#24 J. Rangi,#25 M. Jarme,#94 V. Harrison",2026-10-05T16:08:34Z,3,0,75AA519B,D4FD54F9,4936F2AF,37358799,28.35,6.29,0,09-25-26 Evolve 2012,09-25-2026,Evolve 2012,Sport Manitoba,Exhibition,L
#21 K. Panginiban,Dynasty,Evolve 2012,OffReb,2026-10-05T16:14:05Z,"#8 A. Concepcion,#21 K. Panginiban,#24 J. Rangi,#25 M. Jarme,#94 V. Harrison",2026-10-05T16:08:34Z,3,0,75AA519B,D4FD54F9,4936F2AF,37358799,,,0,09-25-26 Evolve 2012,09-25-2026,Evolve 2012,Sport Manitoba,Exhibition,L
#21 K. Panginiban,Dynasty,Evolve 2012,Turnover,2026-10-05T16:14:10Z,"#8 A. Concepcion,#21 K. Panginiban,#24 J. Rangi,#25 M. Jarme,#94 V. Harrison",2026-10-05T16:08:34Z,3,0,75AA519B,D4FD54F9,4936F2AF,37358799,,,0,09-25-26 Evolve 2012,09-25-2026,Evolve 2012,Sport Manitoba,Exhibition,L
Evolve 2012,Dynasty,Evolve 2012,TwoPointFG,2026-10-05T16:14:19Z,"#8 A. Concepcion,#21 K. Panginiban,#24 J. Rangi,#25 M. Jarme,#94 V. Harrison",2026-10-05T16:08:34Z,3,1,5329846D,D4FD54F9,4936F2AF,37358799,26.79,9.64,0,09-25-26 Evolve 2012,09-25-2026,Evolve 2012,Sport Manitoba,Exhibition,L
#8 A. Concepcion,Dynasty,Evolve 2012,FloorTime,2026-10-05T16:15:02Z,"#8 A. Concepcion,#15 A. Weekes,#21 K. Panginiban,#22 J. Castres,#25 M. Jarme",2026-10-05T16:15:02Z,3,0,B2DB5FC6,D4FD54F9,4936F2AF,37358799,,,0,09-25-26 Evolve 2012,09-25-2026,Evolve 2012,Sport Manitoba,Exhibition,L
#25 M. Jarme,Dynasty,Evolve 2012,FloorTime,2026-10-05T16:15:02Z,"#8 A. Concepcion,#15 A. Weekes,#21 K. Panginiban,#22 J. Castres,#25 M. Jarme",2026-10-05T16:15:02Z,3,0,7A8D9B70,D4FD54F9,4936F2AF,37358799,,,0,09-25-26 Evolve 2012,09-25-2026,Evolve 2012,Sport Manitoba,Exhibition,L
Evolve 2012,Dynasty,Evolve 2012,FloorTime,2026-10-05T16:15:02Z,"#8 A. Concepcion,#15 A. Weekes,#21 K. Panginiban,#22 J. Castres,#25 M. Jarme",2026-10-05T16:15:02Z,3,1,5329846D,D4FD54F9,4936F2AF,37358799,,,0,09-25-26 Evolve 2012,09-25-2026,Evolve 2012,Sport Manitoba,Exhibition,L
#21 K. Panginiban,Dynasty,Evolve 2012,FloorTime,2026-10-05T16:15:02Z,"#8 A. Concepcion,#15 A. Weekes,#21 K. Panginiban,#22 J. Castres,#25 M. Jarme",2026-10-05T16:15:02Z,3,0,75AA519B,D4FD54F9,4936F2AF,37358799,,,0,09-25-26 Evolve 2012,09-25-2026,Evolve 2012,Sport Manitoba,Exhibition,L
#15 A. Weekes,Dynasty,Evolve 2012,FloorTime,2026-10-05T16:15:02Z,"#8 A. Concepcion,#15 A. Weekes,#21 K. Panginiban,#22 J. Castres,#25 M. Jarme",2026-10-05T16:15:02Z,3,0,70E5F122,D4FD54F9,4936F2AF,37358799,,,0,09-25-26 Evolve 2012,09-25-2026,Evolve 2012,Sport Manitoba,Exhibition,L
#22 J. Castres,Dynasty,Evolve 2012,FloorTime,2026-10-05T16:15:02Z,"#8 A. Concepcion,#15 A. Weekes,#21 K. Panginiban,#22 J. Castres,#25 M. Jarme",2026-10-05T16:15:02Z,3,0,CAC97357,D4FD54F9,4936F2AF,37358799,,,0,09-25-26 Evolve 2012,09-25-2026,Evolve 2012,Sport Manitoba,Exhibition,L
#15 A. Weekes,Dynasty,Evolve 2012,ThreePointFGMiss,2026-10-05T16:15:24Z,"#8 A. Concepcion,#15 A. Weekes,#21 K. Panginiban,#22 J. Castres,#25 M. Jarme",2026-10-05T16:15:02Z,3,0,70E5F122,D4FD54F9,4936F2AF,37358799,37.88,21.15,0,09-25-26 Evolve 2012,09-25-2026,Evolve 2012,Sport Manitoba,Exhibition,L
Evolve 2012,Dynasty,Evolve 2012,DefReb,2026-10-05T16:15:25Z,"#8 A. Concepcion,#15 A. Weekes,#21 K. Panginiban,#22 J. Castres,#25 M. Jarme",2026-10-05T16:15:02Z,3,1,5329846D,D4FD54F9,4936F2AF,37358799,,,0,09-25-26 Evolve 2012,09-25-2026,Evolve 2012,Sport Manitoba,Exhibition,L
Evolve 2012,Dynasty,Evolve 2012,TwoPointFGMiss,2026-10-05T16:15:40Z,"#8 A. Concepcion,#15 A. Weekes,#21 K. Panginiban,#22 J. Castres,#25 M. Jarme",2026-10-05T16:15:02Z,3,1,5329846D,D4FD54F9,4936F2AF,37358799,20.1,9.06,0,09-25-26 Evolve 2012,09-25-2026,Evolve 2012,Sport Manitoba,Exhibition,L
#21 K. Panginiban,Dynasty,Evolve 2012,DefReb,2026-10-05T16:15:46Z,"#8 A. Concepcion,#15 A. Weekes,#21 K. Panginiban,#22 J. Castres,#25 M. Jarme",2026-10-05T16:15:02Z,3,0,75AA519B,D4FD54F9,4936F2AF,37358799,,,0,09-25-26 Evolve 2012,09-25-2026,Evolve 2012,Sport Manitoba,Exhibition,L
#25 M. Jarme,Dynasty,Evolve 2012,TwoPointFGMiss,2026-10-05T16:16:24Z,"#8 A. Concepcion,#15 A. Weekes,#21 K. Panginiban,#22 J. Castres,#25 M. Jarme",2026-10-05T16:15:02Z,3,0,7A8D9B70,D4FD54F9,4936F2AF,37358799,28.21,6.19,0,09-25-26 Evolve 2012,09-25-2026,Evolve 2012,Sport Manitoba,Exhibition,L
#21 K. Panginiban,Dynasty,Evolve 2012,OffReb,2026-10-05T16:16:33Z,"#8 A. Concepcion,#15 A. Weekes,#21 K. Panginiban,#22 J. Castres,#25 M. Jarme",2026-10-05T16:15:02Z,3,0,75AA519B,D4FD54F9,4936F2AF,37358799,,,0,09-25-26 Evolve 2012,09-25-2026,Evolve 2012,Sport Manitoba,Exhibition,L
#22 J. Castres,Dynasty,Evolve 2012,ThreePointFGMiss,2026-10-05T16:17:22Z,"#8 A. Concepcion,#15 A. Weekes,#21 K. Panginiban,#22 J. Castres,#25 M. Jarme",2026-10-05T16:15:02Z,3,0,CAC97357,D4FD54F9,4936F2AF,37358799,43.87,15.42,0,09-25-26 Evolve 2012,09-25-2026,Evolve 2012,Sport Manitoba,Exhibition,L
#8 A. Concepcion,Dynasty,Evolve 2012,OffReb,2026-10-05T16:17:27Z,"#8 A. Concepcion,#15 A. Weekes,#21 K. Panginiban,#22 J. Castres,#25 M. Jarme",2026-10-05T16:15:02Z,3,0,B2DB5FC6,D4FD54F9,4936F2AF,37358799,,,0,09-25-26 Evolve 2012,09-25-2026,Evolve 2012,Sport Manitoba,Exhibition,L
#15 A. Weekes,Dynasty,Evolve 2012,TwoPointFGMiss,2026-10-05T16:17:42Z,"#8 A. Concepcion,#15 A. Weekes,#21 K. Panginiban,#22 J. Castres,#25 M. Jarme",2026-10-05T16:15:02Z,3,0,70E5F122,D4FD54F9,4936F2AF,37358799,27.47,23.4,0,09-25-26 Evolve 2012,09-25-2026,Evolve 2012,Sport Manitoba,Exhibition,L
Evolve 2012,Dynasty,Evolve 2012,DefReb,2026-10-05T16:17:45Z,"#8 A. Concepcion,#15 A. Weekes,#21 K. Panginiban,#22 J. Castres,#25 M. Jarme",2026-10-05T16:15:02Z,3,1,5329846D,D4FD54F9,4936F2AF,37358799,,,0,09-25-26 Evolve 2012,09-25-2026,Evolve 2012,Sport Manitoba,Exhibition,L
#15 A. Weekes,Dynasty,Evolve 2012,Foul,2026-10-05T16:17:56Z,"#8 A. Concepcion,#15 A. Weekes,#21 K. Panginiban,#22 J. Castres,#25 M. Jarme",2026-10-05T16:15:02Z,3,0,70E5F122,D4FD54F9,4936F2AF,37358799,,,0,09-25-26 Evolve 2012,09-25-2026,Evolve 2012,Sport Manitoba,Exhibition,L
Evolve 2012,Dynasty,Evolve 2012,ThreePointFG,2026-10-05T16:18:37Z,"#8 A. Concepcion,#15 A. Weekes,#21 K. Panginiban,#22 J. Castres,#25 M. Jarme",2026-10-05T16:15:02Z,3,1,5329846D,D4FD54F9,4936F2AF,37358799,11.05,21.56,0,09-25-26 Evolve 2012,09-25-2026,Evolve 2012,Sport Manitoba,Exhibition,L
#15 A. Weekes,Dynasty,Evolve 2012,Turnover,2026-10-05T16:18:46Z,"#8 A. Concepcion,#15 A. Weekes,#21 K. Panginiban,#22 J. Castres,#25 M. Jarme",2026-10-05T16:15:02Z,3,0,70E5F122,D4FD54F9,4936F2AF,37358799,,,0,09-25-26 Evolve 2012,09-25-2026,Evolve 2012,Sport Manitoba,Exhibition,L
Evolve 2012,Dynasty,Evolve 2012,Turnover,2026-10-05T16:19:10Z,"#8 A. Concepcion,#15 A. Weekes,#21 K. Panginiban,#22 J. Castres,#25 M. Jarme",2026-10-05T16:15:02Z,3,1,5329846D,D4FD54F9,4936F2AF,37358799,,,0,09-25-26 Evolve 2012,09-25-2026,Evolve 2012,Sport Manitoba,Exhibition,L
#15 A. Weekes,Dynasty,Evolve 2012,FloorTime,2026-10-05T16:19:34Z,"#1 S. Santos-Gatpayat,#5 S. Marr,#15 A. Weekes,#21 K. Panginiban,#22 J. Castres",2026-10-05T16:19:34Z,3,0,70E5F122,D4FD54F9,4936F2AF,37358799,,,0,09-25-26 Evolve 2012,09-25-2026,Evolve 2012,Sport Manitoba,Exhibition,L
Evolve 2012,Dynasty,Evolve 2012,FloorTime,2026-10-05T16:19:34Z,"#1 S. Santos-Gatpayat,#5 S. Marr,#15 A. Weekes,#21 K. Panginiban,#22 J. Castres",2026-10-05T16:19:34Z,3,1,5329846D,D4FD54F9,4936F2AF,37358799,,,0,09-25-26 Evolve 2012,09-25-2026,Evolve 2012,Sport Manitoba,Exhibition,L
#21 K. Panginiban,Dynasty,Evolve 2012,FloorTime,2026-10-05T16:19:34Z,"#1 S. Santos-Gatpayat,#5 S. Marr,#15 A. Weekes,#21 K. Panginiban,#22 J. Castres",2026-10-05T16:19:34Z,3,0,75AA519B,D4FD54F9,4936F2AF,37358799,,,0,09-25-26 Evolve 2012,09-25-2026,Evolve 2012,Sport Manitoba,Exhibition,L
#22 J. Castres,Dynasty,Evolve 2012,FloorTime,2026-10-05T16:19:34Z,"#1 S. Santos-Gatpayat,#5 S. Marr,#15 A. Weekes,#21 K. Panginiban,#22 J. Castres",2026-10-05T16:19:34Z,3,0,CAC97357,D4FD54F9,4936F2AF,37358799,,,0,09-25-26 Evolve 2012,09-25-2026,Evolve 2012,Sport Manitoba,Exhibition,L
#5 S. Marr,Dynasty,Evolve 2012,FloorTime,2026-10-05T16:19:34Z,"#1 S. Santos-Gatpayat,#5 S. Marr,#15 A. Weekes,#21 K. Panginiban,#22 J. Castres",2026-10-05T16:19:34Z,3,0,8F11D926,D4FD54F9,4936F2AF,37358799,,,0,09-25-26 Evolve 2012,09-25-2026,Evolve 2012,Sport Manitoba,Exhibition,L
#1 S. Santos-Gatpayat,Dynasty,Evolve 2012,FloorTime,2026-10-05T16:19:34Z,"#1 S. Santos-Gatpayat,#5 S. Marr,#15 A. Weekes,#21 K. Panginiban,#22 J. Castres",2026-10-05T16:19:34Z,3,0,895381C0,D4FD54F9,4936F2AF,37358799,,,0,09-25-26 Evolve 2012,09-25-2026,Evolve 2012,Sport Manitoba,Exhibition,L
#5 S. Marr,Dynasty,Evolve 2012,ThreePointFGMiss,2026-10-05T16:20:00Z,"#1 S. Santos-Gatpayat,#5 S. Marr,#15 A. Weekes,#21 K. Panginiban,#22 J. Castres",2026-10-05T16:19:34Z,3,0,8F11D926,D4FD54F9,4936F2AF,37358799,35.75,23.08,0,09-25-26 Evolve 2012,09-25-2026,Evolve 2012,Sport Manitoba,Exhibition,L
Evolve 2012,Dynasty,Evolve 2012,Turnover,2026-10-05T16:21:57Z,"#1 S. Santos-Gatpayat,#5 S. Marr,#15 A. Weekes,#21 K. Panginiban,#22 J. Castres",2026-10-05T16:19:34Z,3,1,5329846D,D4FD54F9,4936F2AF,37358799,,,0,09-25-26 Evolve 2012,09-25-2026,Evolve 2012,Sport Manitoba,Exhibition,L
#15 A. Weekes,Dynasty,Evolve 2012,Steal,2026-10-05T16:22:06Z,"#1 S. Santos-Gatpayat,#5 S. Marr,#15 A. Weekes,#21 K. Panginiban,#22 J. Castres",2026-10-05T16:19:34Z,3,0,70E5F122,D4FD54F9,4936F2AF,37358799,,,0,09-25-26 Evolve 2012,09-25-2026,Evolve 2012,Sport Manitoba,Exhibition,L
#22 J. Castres,Dynasty,Evolve 2012,Turnover,2026-10-05T16:22:27Z,"#1 S. Santos-Gatpayat,#5 S. Marr,#15 A. Weekes,#21 K. Panginiban,#22 J. Castres",2026-10-05T16:19:34Z,3,0,CAC97357,D4FD54F9,4936F2AF,37358799,,,0,09-25-26 Evolve 2012,09-25-2026,Evolve 2012,Sport Manitoba,Exhibition,L
Evolve 2012,Dynasty,Evolve 2012,Steal,2026-10-05T16:22:30Z,"#1 S. Santos-Gatpayat,#5 S. Marr,#15 A. Weekes,#21 K. Panginiban,#22 J. Castres",2026-10-05T16:19:34Z,3,1,5329846D,D4FD54F9,4936F2AF,37358799,,,0,09-25-26 Evolve 2012,09-25-2026,Evolve 2012,Sport Manitoba,Exhibition,L
Evolve 2012,Dynasty,Evolve 2012,Turnover,2026-10-05T16:22:46Z,"#1 S. Santos-Gatpayat,#5 S. Marr,#15 A. Weekes,#21 K. Panginiban,#22 J. Castres",2026-10-05T16:19:34Z,3,1,5329846D,D4FD54F9,4936F2AF,37358799,,,0,09-25-26 Evolve 2012,09-25-2026,Evolve 2012,Sport Manitoba,Exhibition,L
#22 J. Castres,Dynasty,Evolve 2012,ThreePointFGMiss,2026-10-05T16:23:54Z,"#1 S. Santos-Gatpayat,#5 S. Marr,#15 A. Weekes,#21 K. Panginiban,#22 J. Castres",2026-10-05T16:19:34Z,3,0,CAC97357,D4FD54F9,4936F2AF,37358799,35.09,22.72,0,09-25-26 Evolve 2012,09-25-2026,Evolve 2012,Sport Manitoba,Exhibition,L
Evolve 2012,Dynasty,Evolve 2012,DefReb,2026-10-05T16:23:58Z,"#1 S. Santos-Gatpayat,#5 S. Marr,#15 A. Weekes,#21 K. Panginiban,#22 J. Castres",2026-10-05T16:19:34Z,3,1,5329846D,D4FD54F9,4936F2AF,37358799,,,0,09-25-26 Evolve 2012,09-25-2026,Evolve 2012,Sport Manitoba,Exhibition,L
Evolve 2012,Dynasty,Evolve 2012,TwoPointFGMiss,2026-10-05T16:24:12Z,"#1 S. Santos-Gatpayat,#5 S. Marr,#15 A. Weekes,#21 K. Panginiban,#22 J. Castres",2026-10-05T16:19:34Z,3,1,5329846D,D4FD54F9,4936F2AF,37358799,27.87,11.43,0,09-25-26 Evolve 2012,09-25-2026,Evolve 2012,Sport Manitoba,Exhibition,L
Evolve 2012,Dynasty,Evolve 2012,OffReb,2026-10-05T16:24:13Z,"#1 S. Santos-Gatpayat,#5 S. Marr,#15 A. Weekes,#21 K. Panginiban,#22 J. Castres",2026-10-05T16:19:34Z,3,1,5329846D,D4FD54F9,4936F2AF,37358799,,,0,09-25-26 Evolve 2012,09-25-2026,Evolve 2012,Sport Manitoba,Exhibition,L
#5 S. Marr,Dynasty,Evolve 2012,Block,2026-10-05T16:24:18Z,"#1 S. Santos-Gatpayat,#5 S. Marr,#15 A. Weekes,#21 K. Panginiban,#22 J. Castres",2026-10-05T16:19:34Z,3,0,8F11D926,D4FD54F9,4936F2AF,37358799,,,0,09-25-26 Evolve 2012,09-25-2026,Evolve 2012,Sport Manitoba,Exhibition,L
Evolve 2012,Dynasty,Evolve 2012,Turnover,2026-10-05T16:24:21Z,"#1 S. Santos-Gatpayat,#5 S. Marr,#15 A. Weekes,#21 K. Panginiban,#22 J. Castres",2026-10-05T16:19:34Z,3,1,5329846D,D4FD54F9,4936F2AF,37358799,,,0,09-25-26 Evolve 2012,09-25-2026,Evolve 2012,Sport Manitoba,Exhibition,L
#5 S. Marr,Dynasty,Evolve 2012,Turnover,2026-10-05T16:25:10Z,"#1 S. Santos-Gatpayat,#5 S. Marr,#15 A. Weekes,#21 K. Panginiban,#22 J. Castres",2026-10-05T16:19:34Z,3,0,8F11D926,D4FD54F9,4936F2AF,37358799,,,0,09-25-26 Evolve 2012,09-25-2026,Evolve 2012,Sport Manitoba,Exhibition,L
Evolve 2012,Dynasty,Evolve 2012,Steal,2026-10-05T16:25:12Z,"#1 S. Santos-Gatpayat,#5 S. Marr,#15 A. Weekes,#21 K. Panginiban,#22 J. Castres",2026-10-05T16:19:34Z,3,1,5329846D,D4FD54F9,4936F2AF,37358799,,,0,09-25-26 Evolve 2012,09-25-2026,Evolve 2012,Sport Manitoba,Exhibition,L
Evolve 2012,Dynasty,Evolve 2012,TwoPointFGMiss,2026-10-05T16:26:19Z,"#1 S. Santos-Gatpayat,#5 S. Marr,#15 A. Weekes,#21 K. Panginiban,#22 J. Castres",2026-10-05T16:19:34Z,3,1,5329846D,D4FD54F9,4936F2AF,37358799,27.3,8.76,0,09-25-26 Evolve 2012,09-25-2026,Evolve 2012,Sport Manitoba,Exhibition,L
Evolve 2012,Dynasty,Evolve 2012,OffReb,2026-10-05T16:26:20Z,"#1 S. Santos-Gatpayat,#5 S. Marr,#15 A. Weekes,#21 K. Panginiban,#22 J. Castres",2026-10-05T16:19:34Z,3,1,5329846D,D4FD54F9,4936F2AF,37358799,,,0,09-25-26 Evolve 2012,09-25-2026,Evolve 2012,Sport Manitoba,Exhibition,L
Evolve 2012,Dynasty,Evolve 2012,TwoPointFGMiss,2026-10-05T16:26:30Z,"#1 S. Santos-Gatpayat,#5 S. Marr,#15 A. Weekes,#21 K. Panginiban,#22 J. Castres",2026-10-05T16:19:34Z,3,1,5329846D,D4FD54F9,4936F2AF,37358799,20.33,7.54,0,09-25-26 Evolve 2012,09-25-2026,Evolve 2012,Sport Manitoba,Exhibition,L
#22 J. Castres,Dynasty,Evolve 2012,DefReb,2026-10-05T16:26:35Z,"#1 S. Santos-Gatpayat,#5 S. Marr,#15 A. Weekes,#21 K. Panginiban,#22 J. Castres",2026-10-05T16:19:34Z,3,0,CAC97357,D4FD54F9,4936F2AF,37358799,,,0,09-25-26 Evolve 2012,09-25-2026,Evolve 2012,Sport Manitoba,Exhibition,L
#22 J. Castres,Dynasty,Evolve 2012,Turnover,2026-10-05T16:26:46Z,"#1 S. Santos-Gatpayat,#5 S. Marr,#15 A. Weekes,#21 K. Panginiban,#22 J. Castres",2026-10-05T16:19:34Z,3,0,CAC97357,D4FD54F9,4936F2AF,37358799,,,0,09-25-26 Evolve 2012,09-25-2026,Evolve 2012,Sport Manitoba,Exhibition,L
Evolve 2012,Dynasty,Evolve 2012,Steal,2026-10-05T16:26:47Z,"#1 S. Santos-Gatpayat,#5 S. Marr,#15 A. Weekes,#21 K. Panginiban,#22 J. Castres",2026-10-05T16:19:34Z,3,1,5329846D,D4FD54F9,4936F2AF,37358799,,,0,09-25-26 Evolve 2012,09-25-2026,Evolve 2012,Sport Manitoba,Exhibition,L
Evolve 2012,Dynasty,Evolve 2012,TwoPointFGMiss,2026-10-05T16:27:12Z,"#1 S. Santos-Gatpayat,#5 S. Marr,#15 A. Weekes,#21 K. Panginiban,#22 J. Castres",2026-10-05T16:19:34Z,3,1,5329846D,D4FD54F9,4936F2AF,37358799,24.93,21.64,0,09-25-26 Evolve 2012,09-25-2026,Evolve 2012,Sport Manitoba,Exhibition,L
#22 J. Castres,Dynasty,Evolve 2012,DefReb,2026-10-05T16:27:16Z,"#1 S. Santos-Gatpayat,#5 S. Marr,#15 A. Weekes,#21 K. Panginiban,#22 J. Castres",2026-10-05T16:19:34Z,3,0,CAC97357,D4FD54F9,4936F2AF,37358799,,,0,09-25-26 Evolve 2012,09-25-2026,Evolve 2012,Sport Manitoba,Exhibition,L
#5 S. Marr,Dynasty,Evolve 2012,ThreePointFGMiss,2026-10-05T16:27:35Z,"#1 S. Santos-Gatpayat,#5 S. Marr,#15 A. Weekes,#21 K. Panginiban,#22 J. Castres",2026-10-05T16:19:34Z,3,0,8F11D926,D4FD54F9,4936F2AF,37358799,45.59,9.28,0,09-25-26 Evolve 2012,09-25-2026,Evolve 2012,Sport Manitoba,Exhibition,L
Evolve 2012,Dynasty,Evolve 2012,DefReb,2026-10-05T16:27:39Z,"#1 S. Santos-Gatpayat,#5 S. Marr,#15 A. Weekes,#21 K. Panginiban,#22 J. Castres",2026-10-05T16:19:34Z,3,1,5329846D,D4FD54F9,4936F2AF,37358799,,,0,09-25-26 Evolve 2012,09-25-2026,Evolve 2012,Sport Manitoba,Exhibition,L
Evolve 2012,Dynasty,Evolve 2012,Turnover,2026-10-05T16:27:59Z,"#1 S. Santos-Gatpayat,#5 S. Marr,#15 A. Weekes,#21 K. Panginiban,#22 J. Castres",2026-10-05T16:19:34Z,3,1,5329846D,D4FD54F9,4936F2AF,37358799,,,0,09-25-26 Evolve 2012,09-25-2026,Evolve 2012,Sport Manitoba,Exhibition,L
Evolve 2012,Dynasty,Evolve 2012,Steal,2026-10-05T16:29:03Z,"#1 S. Santos-Gatpayat,#5 S. Marr,#15 A. Weekes,#21 K. Panginiban,#22 J. Castres",2026-10-05T16:19:34Z,3,1,5329846D,D4FD54F9,4936F2AF,37358799,,,0,09-25-26 Evolve 2012,09-25-2026,Evolve 2012,Sport Manitoba,Exhibition,L
#5 S. Marr,Dynasty,Evolve 2012,Turnover,2026-10-05T16:29:04Z,"#1 S. Santos-Gatpayat,#5 S. Marr,#15 A. Weekes,#21 K. Panginiban,#22 J. Castres",2026-10-05T16:19:34Z,3,0,8F11D926,D4FD54F9,4936F2AF,37358799,,,0,09-25-26 Evolve 2012,09-25-2026,Evolve 2012,Sport Manitoba,Exhibition,L
Evolve 2012,Dynasty,Evolve 2012,TwoPointFG,2026-10-05T16:29:12Z,"#1 S. Santos-Gatpayat,#5 S. Marr,#15 A. Weekes,#21 K. Panginiban,#22 J. Castres",2026-10-05T16:19:34Z,3,1,5329846D,D4FD54F9,4936F2AF,37358799,28.25,7.71,0,09-25-26 Evolve 2012,09-25-2026,Evolve 2012,Sport Manitoba,Exhibition,L
#22 J. Castres,Dynasty,Evolve 2012,ThreePointFGMiss,2026-10-05T16:29:36Z,"#1 S. Santos-Gatpayat,#5 S. Marr,#15 A. Weekes,#21 K. Panginiban,#22 J. Castres",2026-10-05T16:19:34Z,3,0,CAC97357,D4FD54F9,4936F2AF,37358799,40.57,17.8,0,09-25-26 Evolve 2012,09-25-2026,Evolve 2012,Sport Manitoba,Exhibition,L
Evolve 2012,Dynasty,Evolve 2012,DefReb,2026-10-05T16:29:40Z,"#1 S. Santos-Gatpayat,#5 S. Marr,#15 A. Weekes,#21 K. Panginiban,#22 J. Castres",2026-10-05T16:19:34Z,3,1,5329846D,D4FD54F9,4936F2AF,37358799,,,0,09-25-26 Evolve 2012,09-25-2026,Evolve 2012,Sport Manitoba,Exhibition,L
#15 A. Weekes,Dynasty,Evolve 2012,Foul,2026-10-05T16:30:08Z,"#1 S. Santos-Gatpayat,#5 S. Marr,#15 A. Weekes,#21 K. Panginiban,#22 J. Castres",2026-10-05T16:19:34Z,3,0,70E5F122,D4FD54F9,4936F2AF,37358799,,,0,09-25-26 Evolve 2012,09-25-2026,Evolve 2012,Sport Manitoba,Exhibition,L
#1 S. Santos-Gatpayat,Dynasty,Evolve 2012,FloorTime,2026-10-05T16:31:14Z,"#1 S. Santos-Gatpayat,#3 A. Kuegle,#12 M. Pasahol,#15 A. Weekes,#24 J. Rangi",2026-10-05T16:31:14Z,3,0,895381C0,D4FD54F9,4936F2AF,37358799,,,0,09-25-26 Evolve 2012,09-25-2026,Evolve 2012,Sport Manitoba,Exhibition,L
Evolve 2012,Dynasty,Evolve 2012,FloorTime,2026-10-05T16:31:14Z,"#1 S. Santos-Gatpayat,#3 A. Kuegle,#12 M. Pasahol,#15 A. Weekes,#24 J. Rangi",2026-10-05T16:31:14Z,3,1,5329846D,D4FD54F9,4936F2AF,37358799,,,0,09-25-26 Evolve 2012,09-25-2026,Evolve 2012,Sport Manitoba,Exhibition,L
#15 A. Weekes,Dynasty,Evolve 2012,FloorTime,2026-10-05T16:31:14Z,"#1 S. Santos-Gatpayat,#3 A. Kuegle,#12 M. Pasahol,#15 A. Weekes,#24 J. Rangi",2026-10-05T16:31:14Z,3,0,70E5F122,D4FD54F9,4936F2AF,37358799,,,0,09-25-26 Evolve 2012,09-25-2026,Evolve 2012,Sport Manitoba,Exhibition,L
#24 J. Rangi,Dynasty,Evolve 2012,FloorTime,2026-10-05T16:31:14Z,"#1 S. Santos-Gatpayat,#3 A. Kuegle,#12 M. Pasahol,#15 A. Weekes,#24 J. Rangi",2026-10-05T16:31:14Z,3,0,DB1A5BF2,D4FD54F9,4936F2AF,37358799,,,0,09-25-26 Evolve 2012,09-25-2026,Evolve 2012,Sport Manitoba,Exhibition,L
#3 A. Kuegle,Dynasty,Evolve 2012,FloorTime,2026-10-05T16:31:14Z,"#1 S. Santos-Gatpayat,#3 A. Kuegle,#12 M. Pasahol,#15 A. Weekes,#24 J. Rangi",2026-10-05T16:31:14Z,3,0,ED7CEFC7,D4FD54F9,4936F2AF,37358799,,,0,09-25-26 Evolve 2012,09-25-2026,Evolve 2012,Sport Manitoba,Exhibition,L
#12 M. Pasahol,Dynasty,Evolve 2012,FloorTime,2026-10-05T16:31:14Z,"#1 S. Santos-Gatpayat,#3 A. Kuegle,#12 M. Pasahol,#15 A. Weekes,#24 J. Rangi",2026-10-05T16:31:14Z,3,0,B3EAD99B,D4FD54F9,4936F2AF,37358799,,,0,09-25-26 Evolve 2012,09-25-2026,Evolve 2012,Sport Manitoba,Exhibition,L
Evolve 2012,Dynasty,Evolve 2012,OnePointFG,2026-10-05T16:31:24Z,"#1 S. Santos-Gatpayat,#3 A. Kuegle,#12 M. Pasahol,#15 A. Weekes,#24 J. Rangi",2026-10-05T16:31:14Z,3,1,5329846D,D4FD54F9,4936F2AF,37358799,,,0,09-25-26 Evolve 2012,09-25-2026,Evolve 2012,Sport Manitoba,Exhibition,L
Evolve 2012,Dynasty,Evolve 2012,OnePointFGMiss,2026-10-05T16:31:41Z,"#1 S. Santos-Gatpayat,#3 A. Kuegle,#12 M. Pasahol,#15 A. Weekes,#24 J. Rangi",2026-10-05T16:31:14Z,3,1,5329846D,D4FD54F9,4936F2AF,37358799,,,0,09-25-26 Evolve 2012,09-25-2026,Evolve 2012,Sport Manitoba,Exhibition,L
Evolve 2012,Dynasty,Evolve 2012,OffReb,2026-10-05T16:31:43Z,"#1 S. Santos-Gatpayat,#3 A. Kuegle,#12 M. Pasahol,#15 A. Weekes,#24 J. Rangi",2026-10-05T16:31:14Z,3,1,5329846D,D4FD54F9,4936F2AF,37358799,,,0,09-25-26 Evolve 2012,09-25-2026,Evolve 2012,Sport Manitoba,Exhibition,L
Evolve 2012,Dynasty,Evolve 2012,TwoPointFGMiss,2026-10-05T16:31:48Z,"#1 S. Santos-Gatpayat,#3 A. Kuegle,#12 M. Pasahol,#15 A. Weekes,#24 J. Rangi",2026-10-05T16:31:14Z,3,1,5329846D,D4FD54F9,4936F2AF,37358799,30.31,6.46,0,09-25-26 Evolve 2012,09-25-2026,Evolve 2012,Sport Manitoba,Exhibition,L
Evolve 2012,Dynasty,Evolve 2012,OffReb,2026-10-05T16:31:52Z,"#1 S. Santos-Gatpayat,#3 A. Kuegle,#12 M. Pasahol,#15 A. Weekes,#24 J. Rangi",2026-10-05T16:31:14Z,3,1,5329846D,D4FD54F9,4936F2AF,37358799,,,0,09-25-26 Evolve 2012,09-25-2026,Evolve 2012,Sport Manitoba,Exhibition,L
Evolve 2012,Dynasty,Evolve 2012,TwoPointFGMiss,2026-10-05T16:32:19Z,"#1 S. Santos-Gatpayat,#3 A. Kuegle,#12 M. Pasahol,#15 A. Weekes,#24 J. Rangi",2026-10-05T16:31:14Z,3,1,5329846D,D4FD54F9,4936F2AF,37358799,20.91,8.83,0,09-25-26 Evolve 2012,09-25-2026,Evolve 2012,Sport Manitoba,Exhibition,L
Evolve 2012,Dynasty,Evolve 2012,OffReb,2026-10-05T16:32:21Z,"#1 S. Santos-Gatpayat,#3 A. Kuegle,#12 M. Pasahol,#15 A. Weekes,#24 J. Rangi",2026-10-05T16:31:14Z,3,1,5329846D,D4FD54F9,4936F2AF,37358799,,,0,09-25-26 Evolve 2012,09-25-2026,Evolve 2012,Sport Manitoba,Exhibition,L
#12 M. Pasahol,Dynasty,Evolve 2012,Steal,2026-10-05T16:32:28Z,"#1 S. Santos-Gatpayat,#3 A. Kuegle,#12 M. Pasahol,#15 A. Weekes,#24 J. Rangi",2026-10-05T16:31:14Z,3,0,B3EAD99B,D4FD54F9,4936F2AF,37358799,,,0,09-25-26 Evolve 2012,09-25-2026,Evolve 2012,Sport Manitoba,Exhibition,L
Evolve 2012,Dynasty,Evolve 2012,Turnover,2026-10-05T16:32:29Z,"#1 S. Santos-Gatpayat,#3 A. Kuegle,#12 M. Pasahol,#15 A. Weekes,#24 J. Rangi",2026-10-05T16:31:14Z,3,1,5329846D,D4FD54F9,4936F2AF,37358799,,,0,09-25-26 Evolve 2012,09-25-2026,Evolve 2012,Sport Manitoba,Exhibition,L
#15 A. Weekes,Dynasty,Evolve 2012,ThreePointFGMiss,2026-10-05T16:32:43Z,"#1 S. Santos-Gatpayat,#3 A. Kuegle,#12 M. Pasahol,#15 A. Weekes,#24 J. Rangi",2026-10-05T16:31:14Z,3,0,70E5F122,D4FD54F9,4936F2AF,37358799,10.95,21.71,0,09-25-26 Evolve 2012,09-25-2026,Evolve 2012,Sport Manitoba,Exhibition,L
Evolve 2012,Dynasty,Evolve 2012,DefReb,2026-10-05T16:32:47Z,"#1 S. Santos-Gatpayat,#3 A. Kuegle,#12 M. Pasahol,#15 A. Weekes,#24 J. Rangi",2026-10-05T16:31:14Z,3,1,5329846D,D4FD54F9,4936F2AF,37358799,,,0,09-25-26 Evolve 2012,09-25-2026,Evolve 2012,Sport Manitoba,Exhibition,L
Evolve 2012,Dynasty,Evolve 2012,TwoPointFGMiss,2026-10-05T16:32:58Z,"#1 S. Santos-Gatpayat,#3 A. Kuegle,#12 M. Pasahol,#15 A. Weekes,#24 J. Rangi",2026-10-05T16:31:14Z,3,1,5329846D,D4FD54F9,4936F2AF,37358799,30.58,10.08,0,09-25-26 Evolve 2012,09-25-2026,Evolve 2012,Sport Manitoba,Exhibition,L
#24 J. Rangi,Dynasty,Evolve 2012,DefReb,2026-10-05T16:33:05Z,"#1 S. Santos-Gatpayat,#3 A. Kuegle,#12 M. Pasahol,#15 A. Weekes,#24 J. Rangi",2026-10-05T16:31:14Z,3,0,DB1A5BF2,D4FD54F9,4936F2AF,37358799,,,0,09-25-26 Evolve 2012,09-25-2026,Evolve 2012,Sport Manitoba,Exhibition,L
Evolve 2012,Dynasty,Evolve 2012,Block,2026-10-05T16:33:20Z,"#1 S. Santos-Gatpayat,#3 A. Kuegle,#12 M. Pasahol,#15 A. Weekes,#24 J. Rangi",2026-10-05T16:31:14Z,3,1,5329846D,D4FD54F9,4936F2AF,37358799,,,0,09-25-26 Evolve 2012,09-25-2026,Evolve 2012,Sport Manitoba,Exhibition,L
#12 M. Pasahol,Dynasty,Evolve 2012,TwoPointFGMiss,2026-10-05T16:33:35Z,"#1 S. Santos-Gatpayat,#3 A. Kuegle,#12 M. Pasahol,#15 A. Weekes,#24 J. Rangi",2026-10-05T16:31:14Z,3,0,B3EAD99B,D4FD54F9,4936F2AF,37358799,28.82,7.41,0,09-25-26 Evolve 2012,09-25-2026,Evolve 2012,Sport Manitoba,Exhibition,L
#3 A. Kuegle,Dynasty,Evolve 2012,FloorTime,2026-10-05T16:34:06Z,"#3 A. Kuegle,#8 A. Concepcion,#12 M. Pasahol,#24 J. Rangi,#25 M. Jarme",2026-10-05T16:34:06Z,3,0,ED7CEFC7,D4FD54F9,4936F2AF,37358799,,,0,09-25-26 Evolve 2012,09-25-2026,Evolve 2012,Sport Manitoba,Exhibition,L
#8 A. Concepcion,Dynasty,Evolve 2012,FloorTime,2026-10-05T16:34:06Z,"#3 A. Kuegle,#8 A. Concepcion,#12 M. Pasahol,#24 J. Rangi,#25 M. Jarme",2026-10-05T16:34:06Z,3,0,B2DB5FC6,D4FD54F9,4936F2AF,37358799,,,0,09-25-26 Evolve 2012,09-25-2026,Evolve 2012,Sport Manitoba,Exhibition,L
#12 M. Pasahol,Dynasty,Evolve 2012,FloorTime,2026-10-05T16:34:06Z,"#3 A. Kuegle,#8 A. Concepcion,#12 M. Pasahol,#24 J. Rangi,#25 M. Jarme",2026-10-05T16:34:06Z,3,0,B3EAD99B,D4FD54F9,4936F2AF,37358799,,,0,09-25-26 Evolve 2012,09-25-2026,Evolve 2012,Sport Manitoba,Exhibition,L
Evolve 2012,Dynasty,Evolve 2012,FloorTime,2026-10-05T16:34:06Z,"#3 A. Kuegle,#8 A. Concepcion,#12 M. Pasahol,#24 J. Rangi,#25 M. Jarme",2026-10-05T16:34:06Z,3,1,5329846D,D4FD54F9,4936F2AF,37358799,,,0,09-25-26 Evolve 2012,09-25-2026,Evolve 2012,Sport Manitoba,Exhibition,L
#24 J. Rangi,Dynasty,Evolve 2012,FloorTime,2026-10-05T16:34:06Z,"#3 A. Kuegle,#8 A. Concepcion,#12 M. Pasahol,#24 J. Rangi,#25 M. Jarme",2026-10-05T16:34:06Z,3,0,DB1A5BF2,D4FD54F9,4936F2AF,37358799,,,0,09-25-26 Evolve 2012,09-25-2026,Evolve 2012,Sport Manitoba,Exhibition,L
#25 M. Jarme,Dynasty,Evolve 2012,FloorTime,2026-10-05T16:34:06Z,"#3 A. Kuegle,#8 A. Concepcion,#12 M. Pasahol,#24 J. Rangi,#25 M. Jarme",2026-10-05T16:34:06Z,3,0,7A8D9B70,D4FD54F9,4936F2AF,37358799,,,0,09-25-26 Evolve 2012,09-25-2026,Evolve 2012,Sport Manitoba,Exhibition,L
Evolve 2012,Dynasty,Evolve 2012,TwoPointFGMiss,2026-10-05T16:34:22Z,"#3 A. Kuegle,#8 A. Concepcion,#12 M. Pasahol,#24 J. Rangi,#25 M. Jarme",2026-10-05T16:34:06Z,3,1,5329846D,D4FD54F9,4936F2AF,37358799,19.05,9.57,0,09-25-26 Evolve 2012,09-25-2026,Evolve 2012,Sport Manitoba,Exhibition,L
Evolve 2012,Dynasty,Evolve 2012,DefReb,2026-10-05T16:34:43Z,"#3 A. Kuegle,#8 A. Concepcion,#12 M. Pasahol,#24 J. Rangi,#25 M. Jarme",2026-10-05T16:34:06Z,3,1,5329846D,D4FD54F9,4936F2AF,37358799,,,0,09-25-26 Evolve 2012,09-25-2026,Evolve 2012,Sport Manitoba,Exhibition,L
#12 M. Pasahol,Dynasty,Evolve 2012,TwoPointFGMiss,2026-10-05T16:35:03Z,"#3 A. Kuegle,#8 A. Concepcion,#12 M. Pasahol,#24 J. Rangi,#25 M. Jarme",2026-10-05T16:34:06Z,3,0,B3EAD99B,D4FD54F9,4936F2AF,37358799,35.89,15.86,0,09-25-26 Evolve 2012,09-25-2026,Evolve 2012,Sport Manitoba,Exhibition,L
#25 M. Jarme,Dynasty,Evolve 2012,OffReb,2026-10-05T16:35:05Z,"#3 A. Kuegle,#8 A. Concepcion,#12 M. Pasahol,#24 J. Rangi,#25 M. Jarme",2026-10-05T16:34:06Z,3,0,7A8D9B70,D4FD54F9,4936F2AF,37358799,,,0,09-25-26 Evolve 2012,09-25-2026,Evolve 2012,Sport Manitoba,Exhibition,L
#25 M. Jarme,Dynasty,Evolve 2012,TwoPointFGMiss,2026-10-05T16:35:14Z,"#3 A. Kuegle,#8 A. Concepcion,#12 M. Pasahol,#24 J. Rangi,#25 M. Jarme",2026-10-05T16:34:06Z,3,0,7A8D9B70,D4FD54F9,4936F2AF,37358799,42.21,10.75,0,09-25-26 Evolve 2012,09-25-2026,Evolve 2012,Sport Manitoba,Exhibition,L
Evolve 2012,Dynasty,Evolve 2012,DefReb,2026-10-05T16:35:18Z,"#3 A. Kuegle,#8 A. Concepcion,#12 M. Pasahol,#24 J. Rangi,#25 M. Jarme",2026-10-05T16:34:06Z,3,1,5329846D,D4FD54F9,4936F2AF,37358799,,,0,09-25-26 Evolve 2012,09-25-2026,Evolve 2012,Sport Manitoba,Exhibition,L
Evolve 2012,Dynasty,Evolve 2012,Turnover,2026-10-05T16:35:21Z,"#3 A. Kuegle,#8 A. Concepcion,#12 M. Pasahol,#24 J. Rangi,#25 M. Jarme",2026-10-05T16:34:06Z,3,1,5329846D,D4FD54F9,4936F2AF,37358799,,,0,09-25-26 Evolve 2012,09-25-2026,Evolve 2012,Sport Manitoba,Exhibition,L
#3 A. Kuegle,Dynasty,Evolve 2012,Steal,2026-10-05T16:35:24Z,"#3 A. Kuegle,#8 A. Concepcion,#12 M. Pasahol,#24 J. Rangi,#25 M. Jarme",2026-10-05T16:34:06Z,3,0,ED7CEFC7,D4FD54F9,4936F2AF,37358799,,,0,09-25-26 Evolve 2012,09-25-2026,Evolve 2012,Sport Manitoba,Exhibition,L
#8 A. Concepcion,Dynasty,Evolve 2012,ThreePointFGMiss,2026-10-05T16:35:36Z,"#3 A. Kuegle,#8 A. Concepcion,#12 M. Pasahol,#24 J. Rangi,#25 M. Jarme",2026-10-05T16:34:06Z,3,0,B2DB5FC6,D4FD54F9,4936F2AF,37358799,13.03,22.88,0,09-25-26 Evolve 2012,09-25-2026,Evolve 2012,Sport Manitoba,Exhibition,L
Evolve 2012,Dynasty,Evolve 2012,DefReb,2026-10-05T16:35:38Z,"#3 A. Kuegle,#8 A. Concepcion,#12 M. Pasahol,#24 J. Rangi,#25 M. Jarme",2026-10-05T16:34:06Z,3,1,5329846D,D4FD54F9,4936F2AF,37358799,,,0,09-25-26 Evolve 2012,09-25-2026,Evolve 2012,Sport Manitoba,Exhibition,L
#3 A. Kuegle,Dynasty,Evolve 2012,Foul,2026-10-05T16:39:10Z,"#3 A. Kuegle,#8 A. Concepcion,#12 M. Pasahol,#24 J. Rangi,#25 M. Jarme",2026-10-05T16:34:06Z,3,0,ED7CEFC7,D4FD54F9,4936F2AF,37358799,,,0,09-25-26 Evolve 2012,09-25-2026,Evolve 2012,Sport Manitoba,Exhibition,L
Evolve 2012,Dynasty,Evolve 2012,OnePointFGMiss,2026-10-05T16:39:34Z,"#3 A. Kuegle,#8 A. Concepcion,#12 M. Pasahol,#24 J. Rangi,#25 M. Jarme",2026-10-05T16:34:06Z,3,1,5329846D,D4FD54F9,4936F2AF,37358799,,,0,09-25-26 Evolve 2012,09-25-2026,Evolve 2012,Sport Manitoba,Exhibition,L
Evolve 2012,Dynasty,Evolve 2012,OnePointFGMiss,2026-10-05T16:39:52Z,"#3 A. Kuegle,#8 A. Concepcion,#12 M. Pasahol,#24 J. Rangi,#25 M. Jarme",2026-10-05T16:34:06Z,3,1,5329846D,D4FD54F9,4936F2AF,37358799,,,0,09-25-26 Evolve 2012,09-25-2026,Evolve 2012,Sport Manitoba,Exhibition,L
#25 M. Jarme,Dynasty,Evolve 2012,DefReb,2026-10-05T16:39:54Z,"#3 A. Kuegle,#8 A. Concepcion,#12 M. Pasahol,#24 J. Rangi,#25 M. Jarme",2026-10-05T16:34:06Z,3,0,7A8D9B70,D4FD54F9,4936F2AF,37358799,,,0,09-25-26 Evolve 2012,09-25-2026,Evolve 2012,Sport Manitoba,Exhibition,L
#25 M. Jarme,Dynasty,Evolve 2012,FloorTime,2026-10-05T16:40:16Z,"#3 A. Kuegle,#8 A. Concepcion,#12 M. Pasahol,#24 J. Rangi,#25 M. Jarme",2026-10-05T16:40:16Z,4,0,7A8D9B70,D4FD54F9,4936F2AF,37358799,,,0,09-25-26 Evolve 2012,09-25-2026,Evolve 2012,Sport Manitoba,Exhibition,L
#12 M. Pasahol,Dynasty,Evolve 2012,FloorTime,2026-10-05T16:40:16Z,"#3 A. Kuegle,#8 A. Concepcion,#12 M. Pasahol,#24 J. Rangi,#25 M. Jarme",2026-10-05T16:40:16Z,4,0,B3EAD99B,D4FD54F9,4936F2AF,37358799,,,0,09-25-26 Evolve 2012,09-25-2026,Evolve 2012,Sport Manitoba,Exhibition,L
#8 A. Concepcion,Dynasty,Evolve 2012,FloorTime,2026-10-05T16:40:16Z,"#3 A. Kuegle,#8 A. Concepcion,#12 M. Pasahol,#24 J. Rangi,#25 M. Jarme",2026-10-05T16:40:16Z,4,0,B2DB5FC6,D4FD54F9,4936F2AF,37358799,,,0,09-25-26 Evolve 2012,09-25-2026,Evolve 2012,Sport Manitoba,Exhibition,L
Evolve 2012,Dynasty,Evolve 2012,FloorTime,2026-10-05T16:40:16Z,"#3 A. Kuegle,#8 A. Concepcion,#12 M. Pasahol,#24 J. Rangi,#25 M. Jarme",2026-10-05T16:40:16Z,4,1,5329846D,D4FD54F9,4936F2AF,37358799,,,0,09-25-26 Evolve 2012,09-25-2026,Evolve 2012,Sport Manitoba,Exhibition,L
#3 A. Kuegle,Dynasty,Evolve 2012,FloorTime,2026-10-05T16:40:16Z,"#3 A. Kuegle,#8 A. Concepcion,#12 M. Pasahol,#24 J. Rangi,#25 M. Jarme",2026-10-05T16:40:16Z,4,0,ED7CEFC7,D4FD54F9,4936F2AF,37358799,,,0,09-25-26 Evolve 2012,09-25-2026,Evolve 2012,Sport Manitoba,Exhibition,L
#24 J. Rangi,Dynasty,Evolve 2012,FloorTime,2026-10-05T16:40:16Z,"#3 A. Kuegle,#8 A. Concepcion,#12 M. Pasahol,#24 J. Rangi,#25 M. Jarme",2026-10-05T16:40:16Z,4,0,DB1A5BF2,D4FD54F9,4936F2AF,37358799,,,0,09-25-26 Evolve 2012,09-25-2026,Evolve 2012,Sport Manitoba,Exhibition,L
#12 M. Pasahol,Dynasty,Evolve 2012,TwoPointFGMiss,2026-10-05T16:40:43Z,"#3 A. Kuegle,#8 A. Concepcion,#12 M. Pasahol,#24 J. Rangi,#25 M. Jarme",2026-10-05T16:40:16Z,4,0,B3EAD99B,D4FD54F9,4936F2AF,37358799,20.16,8.79,0,09-25-26 Evolve 2012,09-25-2026,Evolve 2012,Sport Manitoba,Exhibition,L
Evolve 2012,Dynasty,Evolve 2012,DefReb,2026-10-05T16:40:46Z,"#3 A. Kuegle,#8 A. Concepcion,#12 M. Pasahol,#24 J. Rangi,#25 M. Jarme",2026-10-05T16:40:16Z,4,1,5329846D,D4FD54F9,4936F2AF,37358799,,,0,09-25-26 Evolve 2012,09-25-2026,Evolve 2012,Sport Manitoba,Exhibition,L
Evolve 2012,Dynasty,Evolve 2012,TwoPointFG,2026-10-05T16:40:52Z,"#3 A. Kuegle,#8 A. Concepcion,#12 M. Pasahol,#24 J. Rangi,#25 M. Jarme",2026-10-05T16:40:16Z,4,1,5329846D,D4FD54F9,4936F2AF,37358799,22.5,9.0,0,09-25-26 Evolve 2012,09-25-2026,Evolve 2012,Sport Manitoba,Exhibition,L
#25 M. Jarme,Dynasty,Evolve 2012,TwoPointFGMiss,2026-10-05T16:41:08Z,"#3 A. Kuegle,#8 A. Concepcion,#12 M. Pasahol,#24 J. Rangi,#25 M. Jarme",2026-10-05T16:40:16Z,4,0,7A8D9B70,D4FD54F9,4936F2AF,37358799,22.36,9.84,0,09-25-26 Evolve 2012,09-25-2026,Evolve 2012,Sport Manitoba,Exhibition,L
Evolve 2012,Dynasty,Evolve 2012,DefReb,2026-10-05T16:41:10Z,"#3 A. Kuegle,#8 A. Concepcion,#12 M. Pasahol,#24 J. Rangi,#25 M. Jarme",2026-10-05T16:40:16Z,4,1,5329846D,D4FD54F9,4936F2AF,37358799,,,0,09-25-26 Evolve 2012,09-25-2026,Evolve 2012,Sport Manitoba,Exhibition,L
Evolve 2012,Dynasty,Evolve 2012,TwoPointFGMiss,2026-10-05T16:41:20Z,"#3 A. Kuegle,#8 A. Concepcion,#12 M. Pasahol,#24 J. Rangi,#25 M. Jarme",2026-10-05T16:40:16Z,4,1,5329846D,D4FD54F9,4936F2AF,37358799,30.07,8.89,0,09-25-26 Evolve 2012,09-25-2026,Evolve 2012,Sport Manitoba,Exhibition,L
Evolve 2012,Dynasty,Evolve 2012,OffReb,2026-10-05T16:41:24Z,"#3 A. Kuegle,#8 A. Concepcion,#12 M. Pasahol,#24 J. Rangi,#25 M. Jarme",2026-10-05T16:40:16Z,4,1,5329846D,D4FD54F9,4936F2AF,37358799,,,0,09-25-26 Evolve 2012,09-25-2026,Evolve 2012,Sport Manitoba,Exhibition,L
Evolve 2012,Dynasty,Evolve 2012,Turnover,2026-10-05T16:41:27Z,"#3 A. Kuegle,#8 A. Concepcion,#12 M. Pasahol,#24 J. Rangi,#25 M. Jarme",2026-10-05T16:40:16Z,4,1,5329846D,D4FD54F9,4936F2AF,37358799,,,0,09-25-26 Evolve 2012,09-25-2026,Evolve 2012,Sport Manitoba,Exhibition,L
#25 M. Jarme,Dynasty,Evolve 2012,Turnover,2026-10-05T16:41:47Z,"#3 A. Kuegle,#8 A. Concepcion,#12 M. Pasahol,#24 J. Rangi,#25 M. Jarme",2026-10-05T16:40:16Z,4,0,7A8D9B70,D4FD54F9,4936F2AF,37358799,,,0,09-25-26 Evolve 2012,09-25-2026,Evolve 2012,Sport Manitoba,Exhibition,L
Evolve 2012,Dynasty,Evolve 2012,Steal,2026-10-05T16:41:49Z,"#3 A. Kuegle,#8 A. Concepcion,#12 M. Pasahol,#24 J. Rangi,#25 M. Jarme",2026-10-05T16:40:16Z,4,1,5329846D,D4FD54F9,4936F2AF,37358799,,,0,09-25-26 Evolve 2012,09-25-2026,Evolve 2012,Sport Manitoba,Exhibition,L
Evolve 2012,Dynasty,Evolve 2012,TwoPointFG,2026-10-05T16:41:58Z,"#3 A. Kuegle,#8 A. Concepcion,#12 M. Pasahol,#24 J. Rangi,#25 M. Jarme",2026-10-05T16:40:16Z,4,1,5329846D,D4FD54F9,4936F2AF,37358799,20.43,8.35,0,09-25-26 Evolve 2012,09-25-2026,Evolve 2012,Sport Manitoba,Exhibition,L
Evolve 2012,Dynasty,Evolve 2012,Assist,2026-10-05T16:42:01Z,"#3 A. Kuegle,#8 A. Concepcion,#12 M. Pasahol,#24 J. Rangi,#25 M. Jarme",2026-10-05T16:40:16Z,4,1,5329846D,D4FD54F9,4936F2AF,37358799,,,0,09-25-26 Evolve 2012,09-25-2026,Evolve 2012,Sport Manitoba,Exhibition,L
#25 M. Jarme,Dynasty,Evolve 2012,TwoPointFG,2026-10-05T16:42:25Z,"#3 A. Kuegle,#8 A. Concepcion,#12 M. Pasahol,#24 J. Rangi,#25 M. Jarme",2026-10-05T16:40:16Z,4,0,7A8D9B70,D4FD54F9,4936F2AF,37358799,36.7,17.35,0,09-25-26 Evolve 2012,09-25-2026,Evolve 2012,Sport Manitoba,Exhibition,L
#12 M. Pasahol,Dynasty,Evolve 2012,Steal,2026-10-05T16:42:44Z,"#3 A. Kuegle,#8 A. Concepcion,#12 M. Pasahol,#24 J. Rangi,#25 M. Jarme",2026-10-05T16:40:16Z,4,0,B3EAD99B,D4FD54F9,4936F2AF,37358799,,,0,09-25-26 Evolve 2012,09-25-2026,Evolve 2012,Sport Manitoba,Exhibition,L
Evolve 2012,Dynasty,Evolve 2012,Turnover,2026-10-05T16:42:45Z,"#3 A. Kuegle,#8 A. Concepcion,#12 M. Pasahol,#24 J. Rangi,#25 M. Jarme",2026-10-05T16:40:16Z,4,1,5329846D,D4FD54F9,4936F2AF,37358799,,,0,09-25-26 Evolve 2012,09-25-2026,Evolve 2012,Sport Manitoba,Exhibition,L
#25 M. Jarme,Dynasty,Evolve 2012,Turnover,2026-10-05T16:42:48Z,"#3 A. Kuegle,#8 A. Concepcion,#12 M. Pasahol,#24 J. Rangi,#25 M. Jarme",2026-10-05T16:40:16Z,4,0,7A8D9B70,D4FD54F9,4936F2AF,37358799,,,0,09-25-26 Evolve 2012,09-25-2026,Evolve 2012,Sport Manitoba,Exhibition,L
Evolve 2012,Dynasty,Evolve 2012,TwoPointFGMiss,2026-10-05T16:42:57Z,"#3 A. Kuegle,#8 A. Concepcion,#12 M. Pasahol,#24 J. Rangi,#25 M. Jarme",2026-10-05T16:40:16Z,4,1,5329846D,D4FD54F9,4936F2AF,37358799,20.71,9.33,0,09-25-26 Evolve 2012,09-25-2026,Evolve 2012,Sport Manitoba,Exhibition,L
#24 J. Rangi,Dynasty,Evolve 2012,DefReb,2026-10-05T16:43:04Z,"#3 A. Kuegle,#8 A. Concepcion,#12 M. Pasahol,#24 J. Rangi,#25 M. Jarme",2026-10-05T16:40:16Z,4,0,DB1A5BF2,D4FD54F9,4936F2AF,37358799,,,0,09-25-26 Evolve 2012,09-25-2026,Evolve 2012,Sport Manitoba,Exhibition,L
#3 A. Kuegle,Dynasty,Evolve 2012,TwoPointFGMiss,2026-10-05T16:43:16Z,"#3 A. Kuegle,#8 A. Concepcion,#12 M. Pasahol,#24 J. Rangi,#25 M. Jarme",2026-10-05T16:40:16Z,4,0,ED7CEFC7,D4FD54F9,4936F2AF,37358799,12.29,12.11,0,09-25-26 Evolve 2012,09-25-2026,Evolve 2012,Sport Manitoba,Exhibition,L
#24 J. Rangi,Dynasty,Evolve 2012,OffReb,2026-10-05T16:43:21Z,"#3 A. Kuegle,#8 A. Concepcion,#12 M. Pasahol,#24 J. Rangi,#25 M. Jarme",2026-10-05T16:40:16Z,4,0,DB1A5BF2,D4FD54F9,4936F2AF,37358799,,,0,09-25-26 Evolve 2012,09-25-2026,Evolve 2012,Sport Manitoba,Exhibition,L
#8 A. Concepcion,Dynasty,Evolve 2012,TwoPointFGMiss,2026-10-05T16:43:30Z,"#3 A. Kuegle,#8 A. Concepcion,#12 M. Pasahol,#24 J. Rangi,#25 M. Jarme",2026-10-05T16:40:16Z,4,0,B2DB5FC6,D4FD54F9,4936F2AF,37358799,37.48,17.52,0,09-25-26 Evolve 2012,09-25-2026,Evolve 2012,Sport Manitoba,Exhibition,L
#12 M. Pasahol,Dynasty,Evolve 2012,OffReb,2026-10-05T16:43:35Z,"#3 A. Kuegle,#8 A. Concepcion,#12 M. Pasahol,#24 J. Rangi,#25 M. Jarme",2026-10-05T16:40:16Z,4,0,B3EAD99B,D4FD54F9,4936F2AF,37358799,,,0,09-25-26 Evolve 2012,09-25-2026,Evolve 2012,Sport Manitoba,Exhibition,L
#12 M. Pasahol,Dynasty,Evolve 2012,TwoPointFGMiss,2026-10-05T16:43:43Z,"#3 A. Kuegle,#8 A. Concepcion,#12 M. Pasahol,#24 J. Rangi,#25 M. Jarme",2026-10-05T16:40:16Z,4,0,B3EAD99B,D4FD54F9,4936F2AF,37358799,19.05,13.39,0,09-25-26 Evolve 2012,09-25-2026,Evolve 2012,Sport Manitoba,Exhibition,L
#8 A. Concepcion,Dynasty,Evolve 2012,OffReb,2026-10-05T16:43:47Z,"#3 A. Kuegle,#8 A. Concepcion,#12 M. Pasahol,#24 J. Rangi,#25 M. Jarme",2026-10-05T16:40:16Z,4,0,B2DB5FC6,D4FD54F9,4936F2AF,37358799,,,0,09-25-26 Evolve 2012,09-25-2026,Evolve 2012,Sport Manitoba,Exhibition,L
#24 J. Rangi,Dynasty,Evolve 2012,TwoPointFG,2026-10-05T16:43:56Z,"#3 A. Kuegle,#8 A. Concepcion,#12 M. Pasahol,#24 J. Rangi,#25 M. Jarme",2026-10-05T16:40:16Z,4,0,DB1A5BF2,D4FD54F9,4936F2AF,37358799,34.94,10.89,0,09-25-26 Evolve 2012,09-25-2026,Evolve 2012,Sport Manitoba,Exhibition,L
#8 A. Concepcion,Dynasty,Evolve 2012,Steal,2026-10-05T16:44:08Z,"#3 A. Kuegle,#8 A. Concepcion,#12 M. Pasahol,#24 J. Rangi,#25 M. Jarme",2026-10-05T16:40:16Z,4,0,B2DB5FC6,D4FD54F9,4936F2AF,37358799,,,0,09-25-26 Evolve 2012,09-25-2026,Evolve 2012,Sport Manitoba,Exhibition,L
Evolve 2012,Dynasty,Evolve 2012,Turnover,2026-10-05T16:44:09Z,"#3 A. Kuegle,#8 A. Concepcion,#12 M. Pasahol,#24 J. Rangi,#25 M. Jarme",2026-10-05T16:40:16Z,4,1,5329846D,D4FD54F9,4936F2AF,37358799,,,0,09-25-26 Evolve 2012,09-25-2026,Evolve 2012,Sport Manitoba,Exhibition,L
#3 A. Kuegle,Dynasty,Evolve 2012,TwoPointFGMiss,2026-10-05T16:44:23Z,"#3 A. Kuegle,#8 A. Concepcion,#12 M. Pasahol,#24 J. Rangi,#25 M. Jarme",2026-10-05T16:40:16Z,4,0,ED7CEFC7,D4FD54F9,4936F2AF,37358799,19.29,12.17,0,09-25-26 Evolve 2012,09-25-2026,Evolve 2012,Sport Manitoba,Exhibition,L
#8 A. Concepcion,Dynasty,Evolve 2012,Assist,2026-10-05T16:44:34Z,"#3 A. Kuegle,#8 A. Concepcion,#12 M. Pasahol,#24 J. Rangi,#25 M. Jarme",2026-10-05T16:40:16Z,4,0,B2DB5FC6,D4FD54F9,4936F2AF,37358799,,,0,09-25-26 Evolve 2012,09-25-2026,Evolve 2012,Sport Manitoba,Exhibition,L
#25 M. Jarme,Dynasty,Evolve 2012,OffReb,2026-10-05T16:44:40Z,"#3 A. Kuegle,#8 A. Concepcion,#12 M. Pasahol,#24 J. Rangi,#25 M. Jarme",2026-10-05T16:40:16Z,4,0,7A8D9B70,D4FD54F9,4936F2AF,37358799,,,0,09-25-26 Evolve 2012,09-25-2026,Evolve 2012,Sport Manitoba,Exhibition,L
#8 A. Concepcion,Dynasty,Evolve 2012,TwoPointFGMiss,2026-10-05T16:44:51Z,"#3 A. Kuegle,#8 A. Concepcion,#12 M. Pasahol,#24 J. Rangi,#25 M. Jarme",2026-10-05T16:40:16Z,4,0,B2DB5FC6,D4FD54F9,4936F2AF,37358799,15.23,21.1,0,09-25-26 Evolve 2012,09-25-2026,Evolve 2012,Sport Manitoba,Exhibition,L
#12 M. Pasahol,Dynasty,Evolve 2012,OffReb,2026-10-05T16:44:55Z,"#3 A. Kuegle,#8 A. Concepcion,#12 M. Pasahol,#24 J. Rangi,#25 M. Jarme",2026-10-05T16:40:16Z,4,0,B3EAD99B,D4FD54F9,4936F2AF,37358799,,,0,09-25-26 Evolve 2012,09-25-2026,Evolve 2012,Sport Manitoba,Exhibition,L
Evolve 2012,Dynasty,Evolve 2012,Block,2026-10-05T16:44:58Z,"#3 A. Kuegle,#8 A. Concepcion,#12 M. Pasahol,#24 J. Rangi,#25 M. Jarme",2026-10-05T16:40:16Z,4,1,5329846D,D4FD54F9,4936F2AF,37358799,,,0,09-25-26 Evolve 2012,09-25-2026,Evolve 2012,Sport Manitoba,Exhibition,L
Evolve 2012,Dynasty,Evolve 2012,Foul,2026-10-05T16:45:25Z,"#3 A. Kuegle,#8 A. Concepcion,#12 M. Pasahol,#24 J. Rangi,#25 M. Jarme",2026-10-05T16:40:16Z,4,1,5329846D,D4FD54F9,4936F2AF,37358799,,,0,09-25-26 Evolve 2012,09-25-2026,Evolve 2012,Sport Manitoba,Exhibition,L
#12 M. Pasahol,Dynasty,Evolve 2012,OnePointFGMiss,2026-10-05T16:45:51Z,"#3 A. Kuegle,#8 A. Concepcion,#12 M. Pasahol,#24 J. Rangi,#25 M. Jarme",2026-10-05T16:40:16Z,4,0,B3EAD99B,D4FD54F9,4936F2AF,37358799,,,0,09-25-26 Evolve 2012,09-25-2026,Evolve 2012,Sport Manitoba,Exhibition,L
#12 M. Pasahol,Dynasty,Evolve 2012,OnePointFGMiss,2026-10-05T16:46:05Z,"#3 A. Kuegle,#8 A. Concepcion,#12 M. Pasahol,#24 J. Rangi,#25 M. Jarme",2026-10-05T16:40:16Z,4,0,B3EAD99B,D4FD54F9,4936F2AF,37358799,,,0,09-25-26 Evolve 2012,09-25-2026,Evolve 2012,Sport Manitoba,Exhibition,L
Evolve 2012,Dynasty,Evolve 2012,DefReb,2026-10-05T16:46:06Z,"#3 A. Kuegle,#8 A. Concepcion,#12 M. Pasahol,#24 J. Rangi,#25 M. Jarme",2026-10-05T16:40:16Z,4,1,5329846D,D4FD54F9,4936F2AF,37358799,,,0,09-25-26 Evolve 2012,09-25-2026,Evolve 2012,Sport Manitoba,Exhibition,L
#8 A. Concepcion,Dynasty,Evolve 2012,Steal,2026-10-05T16:46:13Z,"#3 A. Kuegle,#8 A. Concepcion,#12 M. Pasahol,#24 J. Rangi,#25 M. Jarme",2026-10-05T16:40:16Z,4,0,B2DB5FC6,D4FD54F9,4936F2AF,37358799,,,0,09-25-26 Evolve 2012,09-25-2026,Evolve 2012,Sport Manitoba,Exhibition,L
Evolve 2012,Dynasty,Evolve 2012,Turnover,2026-10-05T16:46:14Z,"#3 A. Kuegle,#8 A. Concepcion,#12 M. Pasahol,#24 J. Rangi,#25 M. Jarme",2026-10-05T16:40:16Z,4,1,5329846D,D4FD54F9,4936F2AF,37358799,,,0,09-25-26 Evolve 2012,09-25-2026,Evolve 2012,Sport Manitoba,Exhibition,L
#3 A. Kuegle,Dynasty,Evolve 2012,TwoPointFGMiss,2026-10-05T16:46:39Z,"#3 A. Kuegle,#8 A. Concepcion,#12 M. Pasahol,#24 J. Rangi,#25 M. Jarme",2026-10-05T16:40:16Z,4,0,ED7CEFC7,D4FD54F9,4936F2AF,37358799,40.52,8.49,0,09-25-26 Evolve 2012,09-25-2026,Evolve 2012,Sport Manitoba,Exhibition,L
Evolve 2012,Dynasty,Evolve 2012,DefReb,2026-10-05T16:46:42Z,"#3 A. Kuegle,#8 A. Concepcion,#12 M. Pasahol,#24 J. Rangi,#25 M. Jarme",2026-10-05T16:40:16Z,4,1,5329846D,D4FD54F9,4936F2AF,37358799,,,0,09-25-26 Evolve 2012,09-25-2026,Evolve 2012,Sport Manitoba,Exhibition,L
#12 M. Pasahol,Dynasty,Evolve 2012,Steal,2026-10-05T16:46:48Z,"#3 A. Kuegle,#8 A. Concepcion,#12 M. Pasahol,#24 J. Rangi,#25 M. Jarme",2026-10-05T16:40:16Z,4,0,B3EAD99B,D4FD54F9,4936F2AF,37358799,,,0,09-25-26 Evolve 2012,09-25-2026,Evolve 2012,Sport Manitoba,Exhibition,L
Evolve 2012,Dynasty,Evolve 2012,Turnover,2026-10-05T16:46:49Z,"#3 A. Kuegle,#8 A. Concepcion,#12 M. Pasahol,#24 J. Rangi,#25 M. Jarme",2026-10-05T16:40:16Z,4,1,5329846D,D4FD54F9,4936F2AF,37358799,,,0,09-25-26 Evolve 2012,09-25-2026,Evolve 2012,Sport Manitoba,Exhibition,L
#12 M. Pasahol,Dynasty,Evolve 2012,TwoPointFG,2026-10-05T16:46:55Z,"#3 A. Kuegle,#8 A. Concepcion,#12 M. Pasahol,#24 J. Rangi,#25 M. Jarme",2026-10-05T16:40:16Z,4,0,B3EAD99B,D4FD54F9,4936F2AF,37358799,30.85,7.1,0,09-25-26 Evolve 2012,09-25-2026,Evolve 2012,Sport Manitoba,Exhibition,L
#8 A. Concepcion,Dynasty,Evolve 2012,Steal,2026-10-05T16:47:04Z,"#3 A. Kuegle,#8 A. Concepcion,#12 M. Pasahol,#24 J. Rangi,#25 M. Jarme",2026-10-05T16:40:16Z,4,0,B2DB5FC6,D4FD54F9,4936F2AF,37358799,,,0,09-25-26 Evolve 2012,09-25-2026,Evolve 2012,Sport Manitoba,Exhibition,L
#25 M. Jarme,Dynasty,Evolve 2012,Turnover,2026-10-05T16:47:11Z,"#3 A. Kuegle,#8 A. Concepcion,#12 M. Pasahol,#24 J. Rangi,#25 M. Jarme",2026-10-05T16:40:16Z,4,0,7A8D9B70,D4FD54F9,4936F2AF,37358799,,,0,09-25-26 Evolve 2012,09-25-2026,Evolve 2012,Sport Manitoba,Exhibition,L
Evolve 2012,Dynasty,Evolve 2012,Steal,2026-10-05T16:47:12Z,"#3 A. Kuegle,#8 A. Concepcion,#12 M. Pasahol,#24 J. Rangi,#25 M. Jarme",2026-10-05T16:40:16Z,4,1,5329846D,D4FD54F9,4936F2AF,37358799,,,0,09-25-26 Evolve 2012,09-25-2026,Evolve 2012,Sport Manitoba,Exhibition,L
#8 A. Concepcion,Dynasty,Evolve 2012,Steal,2026-10-05T16:47:22Z,"#3 A. Kuegle,#8 A. Concepcion,#12 M. Pasahol,#24 J. Rangi,#25 M. Jarme",2026-10-05T16:40:16Z,4,0,B2DB5FC6,D4FD54F9,4936F2AF,37358799,,,0,09-25-26 Evolve 2012,09-25-2026,Evolve 2012,Sport Manitoba,Exhibition,L
Evolve 2012,Dynasty,Evolve 2012,Turnover,2026-10-05T16:47:29Z,"#3 A. Kuegle,#8 A. Concepcion,#12 M. Pasahol,#24 J. Rangi,#25 M. Jarme",2026-10-05T16:40:16Z,4,1,5329846D,D4FD54F9,4936F2AF,37358799,,,0,09-25-26 Evolve 2012,09-25-2026,Evolve 2012,Sport Manitoba,Exhibition,L
#3 A. Kuegle,Dynasty,Evolve 2012,TwoPointFGMiss,2026-10-05T16:47:40Z,"#3 A. Kuegle,#8 A. Concepcion,#12 M. Pasahol,#24 J. Rangi,#25 M. Jarme",2026-10-05T16:40:16Z,4,0,ED7CEFC7,D4FD54F9,4936F2AF,37358799,31.8,8.76,0,09-25-26 Evolve 2012,09-25-2026,Evolve 2012,Sport Manitoba,Exhibition,L
Evolve 2012,Dynasty,Evolve 2012,DefReb,2026-10-05T16:47:43Z,"#3 A. Kuegle,#8 A. Concepcion,#12 M. Pasahol,#24 J. Rangi,#25 M. Jarme",2026-10-05T16:40:16Z,4,1,5329846D,D4FD54F9,4936F2AF,37358799,,,0,09-25-26 Evolve 2012,09-25-2026,Evolve 2012,Sport Manitoba,Exhibition,L
Evolve 2012,Dynasty,Evolve 2012,TwoPointFG,2026-10-05T16:47:51Z,"#3 A. Kuegle,#8 A. Concepcion,#12 M. Pasahol,#24 J. Rangi,#25 M. Jarme",2026-10-05T16:40:16Z,4,1,5329846D,D4FD54F9,4936F2AF,37358799,30.14,11.13,0,09-25-26 Evolve 2012,09-25-2026,Evolve 2012,Sport Manitoba,Exhibition,L
#8 A. Concepcion,Dynasty,Evolve 2012,TwoPointFGMiss,2026-10-05T16:48:14Z,"#3 A. Kuegle,#8 A. Concepcion,#12 M. Pasahol,#24 J. Rangi,#25 M. Jarme",2026-10-05T16:40:16Z,4,0,B2DB5FC6,D4FD54F9,4936F2AF,37358799,21.25,8.39,0,09-25-26 Evolve 2012,09-25-2026,Evolve 2012,Sport Manitoba,Exhibition,L
Evolve 2012,Dynasty,Evolve 2012,DefReb,2026-10-05T16:48:16Z,"#3 A. Kuegle,#8 A. Concepcion,#12 M. Pasahol,#24 J. Rangi,#25 M. Jarme",2026-10-05T16:40:16Z,4,1,5329846D,D4FD54F9,4936F2AF,37358799,,,0,09-25-26 Evolve 2012,09-25-2026,Evolve 2012,Sport Manitoba,Exhibition,L
#25 M. Jarme,Dynasty,Evolve 2012,Steal,2026-10-05T16:48:19Z,"#3 A. Kuegle,#8 A. Concepcion,#12 M. Pasahol,#24 J. Rangi,#25 M. Jarme",2026-10-05T16:40:16Z,4,0,7A8D9B70,D4FD54F9,4936F2AF,37358799,,,0,09-25-26 Evolve 2012,09-25-2026,Evolve 2012,Sport Manitoba,Exhibition,L
Evolve 2012,Dynasty,Evolve 2012,Turnover,2026-10-05T16:48:20Z,"#3 A. Kuegle,#8 A. Concepcion,#12 M. Pasahol,#24 J. Rangi,#25 M. Jarme",2026-10-05T16:40:16Z,4,1,5329846D,D4FD54F9,4936F2AF,37358799,,,0,09-25-26 Evolve 2012,09-25-2026,Evolve 2012,Sport Manitoba,Exhibition,L
Evolve 2012,Dynasty,Evolve 2012,Foul,2026-10-05T16:48:25Z,"#3 A. Kuegle,#8 A. Concepcion,#12 M. Pasahol,#24 J. Rangi,#25 M. Jarme",2026-10-05T16:40:16Z,4,1,5329846D,D4FD54F9,4936F2AF,37358799,,,0,09-25-26 Evolve 2012,09-25-2026,Evolve 2012,Sport Manitoba,Exhibition,L
#25 M. Jarme,Dynasty,Evolve 2012,OnePointFGMiss,2026-10-05T16:49:02Z,"#3 A. Kuegle,#8 A. Concepcion,#12 M. Pasahol,#24 J. Rangi,#25 M. Jarme",2026-10-05T16:40:16Z,4,0,7A8D9B70,D4FD54F9,4936F2AF,37358799,,,0,09-25-26 Evolve 2012,09-25-2026,Evolve 2012,Sport Manitoba,Exhibition,L
Evolve 2012,Dynasty,Evolve 2012,TwoPointFG,2026-10-05T16:49:11Z,"#3 A. Kuegle,#8 A. Concepcion,#12 M. Pasahol,#24 J. Rangi,#25 M. Jarme",2026-10-05T16:40:16Z,4,1,5329846D,D4FD54F9,4936F2AF,37358799,24.63,10.86,0,09-25-26 Evolve 2012,09-25-2026,Evolve 2012,Sport Manitoba,Exhibition,L
#25 M. Jarme,Dynasty,Evolve 2012,OnePointFG,2026-10-05T16:49:16Z,"#3 A. Kuegle,#8 A. Concepcion,#12 M. Pasahol,#24 J. Rangi,#25 M. Jarme",2026-10-05T16:40:16Z,4,0,7A8D9B70,D4FD54F9,4936F2AF,37358799,,,0,09-25-26 Evolve 2012,09-25-2026,Evolve 2012,Sport Manitoba,Exhibition,L
#12 M. Pasahol,Dynasty,Evolve 2012,FloorTime,2026-10-05T16:49:54Z,"#12 M. Pasahol,#15 A. Weekes,#22 J. Castres,#24 J. Rangi,#25 M. Jarme",2026-10-05T16:49:54Z,4,0,B3EAD99B,D4FD54F9,4936F2AF,37358799,,,0,09-25-26 Evolve 2012,09-25-2026,Evolve 2012,Sport Manitoba,Exhibition,L
Evolve 2012,Dynasty,Evolve 2012,FloorTime,2026-10-05T16:49:54Z,"#12 M. Pasahol,#15 A. Weekes,#22 J. Castres,#24 J. Rangi,#25 M. Jarme",2026-10-05T16:49:54Z,4,1,5329846D,D4FD54F9,4936F2AF,37358799,,,0,09-25-26 Evolve 2012,09-25-2026,Evolve 2012,Sport Manitoba,Exhibition,L
#25 M. Jarme,Dynasty,Evolve 2012,FloorTime,2026-10-05T16:49:54Z,"#12 M. Pasahol,#15 A. Weekes,#22 J. Castres,#24 J. Rangi,#25 M. Jarme",2026-10-05T16:49:54Z,4,0,7A8D9B70,D4FD54F9,4936F2AF,37358799,,,0,09-25-26 Evolve 2012,09-25-2026,Evolve 2012,Sport Manitoba,Exhibition,L
#24 J. Rangi,Dynasty,Evolve 2012,FloorTime,2026-10-05T16:49:54Z,"#12 M. Pasahol,#15 A. Weekes,#22 J. Castres,#24 J. Rangi,#25 M. Jarme",2026-10-05T16:49:54Z,4,0,DB1A5BF2,D4FD54F9,4936F2AF,37358799,,,0,09-25-26 Evolve 2012,09-25-2026,Evolve 2012,Sport Manitoba,Exhibition,L
#15 A. Weekes,Dynasty,Evolve 2012,FloorTime,2026-10-05T16:49:54Z,"#12 M. Pasahol,#15 A. Weekes,#22 J. Castres,#24 J. Rangi,#25 M. Jarme",2026-10-05T16:49:54Z,4,0,70E5F122,D4FD54F9,4936F2AF,37358799,,,0,09-25-26 Evolve 2012,09-25-2026,Evolve 2012,Sport Manitoba,Exhibition,L
#22 J. Castres,Dynasty,Evolve 2012,FloorTime,2026-10-05T16:49:54Z,"#12 M. Pasahol,#15 A. Weekes,#22 J. Castres,#24 J. Rangi,#25 M. Jarme",2026-10-05T16:49:54Z,4,0,CAC97357,D4FD54F9,4936F2AF,37358799,,,0,09-25-26 Evolve 2012,09-25-2026,Evolve 2012,Sport Manitoba,Exhibition,L
#25 M. Jarme,Dynasty,Evolve 2012,Steal,2026-10-05T16:49:59Z,"#12 M. Pasahol,#15 A. Weekes,#22 J. Castres,#24 J. Rangi,#25 M. Jarme",2026-10-05T16:49:54Z,4,0,7A8D9B70,D4FD54F9,4936F2AF,37358799,,,0,09-25-26 Evolve 2012,09-25-2026,Evolve 2012,Sport Manitoba,Exhibition,L
Evolve 2012,Dynasty,Evolve 2012,Turnover,2026-10-05T16:50:00Z,"#12 M. Pasahol,#15 A. Weekes,#22 J. Castres,#24 J. Rangi,#25 M. Jarme",2026-10-05T16:49:54Z,4,1,5329846D,D4FD54F9,4936F2AF,37358799,,,0,09-25-26 Evolve 2012,09-25-2026,Evolve 2012,Sport Manitoba,Exhibition,L
#25 M. Jarme,Dynasty,Evolve 2012,TwoPointFGMiss,2026-10-05T16:50:10Z,"#12 M. Pasahol,#15 A. Weekes,#22 J. Castres,#24 J. Rangi,#25 M. Jarme",2026-10-05T16:49:54Z,4,0,7A8D9B70,D4FD54F9,4936F2AF,37358799,20.37,9.6,0,09-25-26 Evolve 2012,09-25-2026,Evolve 2012,Sport Manitoba,Exhibition,L
Evolve 2012,Dynasty,Evolve 2012,DefReb,2026-10-05T16:50:12Z,"#12 M. Pasahol,#15 A. Weekes,#22 J. Castres,#24 J. Rangi,#25 M. Jarme",2026-10-05T16:49:54Z,4,1,5329846D,D4FD54F9,4936F2AF,37358799,,,0,09-25-26 Evolve 2012,09-25-2026,Evolve 2012,Sport Manitoba,Exhibition,L
Evolve 2012,Dynasty,Evolve 2012,TwoPointFGMiss,2026-10-05T16:50:31Z,"#12 M. Pasahol,#15 A. Weekes,#22 J. Castres,#24 J. Rangi,#25 M. Jarme",2026-10-05T16:49:54Z,4,1,5329846D,D4FD54F9,4936F2AF,37358799,29.84,10.86,0,09-25-26 Evolve 2012,09-25-2026,Evolve 2012,Sport Manitoba,Exhibition,L
Evolve 2012,Dynasty,Evolve 2012,OffReb,2026-10-05T16:50:32Z,"#12 M. Pasahol,#15 A. Weekes,#22 J. Castres,#24 J. Rangi,#25 M. Jarme",2026-10-05T16:49:54Z,4,1,5329846D,D4FD54F9,4936F2AF,37358799,,,0,09-25-26 Evolve 2012,09-25-2026,Evolve 2012,Sport Manitoba,Exhibition,L
Evolve 2012,Dynasty,Evolve 2012,Turnover,2026-10-05T16:50:41Z,"#12 M. Pasahol,#15 A. Weekes,#22 J. Castres,#24 J. Rangi,#25 M. Jarme",2026-10-05T16:49:54Z,4,1,5329846D,D4FD54F9,4936F2AF,37358799,,,0,09-25-26 Evolve 2012,09-25-2026,Evolve 2012,Sport Manitoba,Exhibition,L
#25 M. Jarme,Dynasty,Evolve 2012,TwoPointFGMiss,2026-10-05T16:51:07Z,"#12 M. Pasahol,#15 A. Weekes,#22 J. Castres,#24 J. Rangi,#25 M. Jarme",2026-10-05T16:49:54Z,4,0,7A8D9B70,D4FD54F9,4936F2AF,37358799,43.53,9.3,0,09-25-26 Evolve 2012,09-25-2026,Evolve 2012,Sport Manitoba,Exhibition,L
Evolve 2012,Dynasty,Evolve 2012,DefReb,2026-10-05T16:51:10Z,"#12 M. Pasahol,#15 A. Weekes,#22 J. Castres,#24 J. Rangi,#25 M. Jarme",2026-10-05T16:49:54Z,4,1,5329846D,D4FD54F9,4936F2AF,37358799,,,0,09-25-26 Evolve 2012,09-25-2026,Evolve 2012,Sport Manitoba,Exhibition,L
Evolve 2012,Dynasty,Evolve 2012,Turnover,2026-10-05T16:51:15Z,"#12 M. Pasahol,#15 A. Weekes,#22 J. Castres,#24 J. Rangi,#25 M. Jarme",2026-10-05T16:49:54Z,4,1,5329846D,D4FD54F9,4936F2AF,37358799,,,0,09-25-26 Evolve 2012,09-25-2026,Evolve 2012,Sport Manitoba,Exhibition,L
#15 A. Weekes,Dynasty,Evolve 2012,FloorTime,2026-10-05T16:51:28Z,"#12 M. Pasahol,#15 A. Weekes,#22 J. Castres,#25 M. Jarme,#94 V. Harrison",2026-10-05T16:51:28Z,4,0,70E5F122,D4FD54F9,4936F2AF,37358799,,,0,09-25-26 Evolve 2012,09-25-2026,Evolve 2012,Sport Manitoba,Exhibition,L
#25 M. Jarme,Dynasty,Evolve 2012,FloorTime,2026-10-05T16:51:28Z,"#12 M. Pasahol,#15 A. Weekes,#22 J. Castres,#25 M. Jarme,#94 V. Harrison",2026-10-05T16:51:28Z,4,0,7A8D9B70,D4FD54F9,4936F2AF,37358799,,,0,09-25-26 Evolve 2012,09-25-2026,Evolve 2012,Sport Manitoba,Exhibition,L
#12 M. Pasahol,Dynasty,Evolve 2012,FloorTime,2026-10-05T16:51:28Z,"#12 M. Pasahol,#15 A. Weekes,#22 J. Castres,#25 M. Jarme,#94 V. Harrison",2026-10-05T16:51:28Z,4,0,B3EAD99B,D4FD54F9,4936F2AF,37358799,,,0,09-25-26 Evolve 2012,09-25-2026,Evolve 2012,Sport Manitoba,Exhibition,L
#22 J. Castres,Dynasty,Evolve 2012,FloorTime,2026-10-05T16:51:28Z,"#12 M. Pasahol,#15 A. Weekes,#22 J. Castres,#25 M. Jarme,#94 V. Harrison",2026-10-05T16:51:28Z,4,0,CAC97357,D4FD54F9,4936F2AF,37358799,,,0,09-25-26 Evolve 2012,09-25-2026,Evolve 2012,Sport Manitoba,Exhibition,L
Evolve 2012,Dynasty,Evolve 2012,FloorTime,2026-10-05T16:51:28Z,"#12 M. Pasahol,#15 A. Weekes,#22 J. Castres,#25 M. Jarme,#94 V. Harrison",2026-10-05T16:51:28Z,4,1,5329846D,D4FD54F9,4936F2AF,37358799,,,0,09-25-26 Evolve 2012,09-25-2026,Evolve 2012,Sport Manitoba,Exhibition,L
#94 V. Harrison,Dynasty,Evolve 2012,FloorTime,2026-10-05T16:51:28Z,"#12 M. Pasahol,#15 A. Weekes,#22 J. Castres,#25 M. Jarme,#94 V. Harrison",2026-10-05T16:51:28Z,4,0,73029EE7,D4FD54F9,4936F2AF,37358799,,,0,09-25-26 Evolve 2012,09-25-2026,Evolve 2012,Sport Manitoba,Exhibition,L
#25 M. Jarme,Dynasty,Evolve 2012,TwoPointFG,2026-10-05T16:51:56Z,"#12 M. Pasahol,#15 A. Weekes,#22 J. Castres,#25 M. Jarme,#94 V. Harrison",2026-10-05T16:51:28Z,4,0,7A8D9B70,D4FD54F9,4936F2AF,37358799,32.27,6.32,0,09-25-26 Evolve 2012,09-25-2026,Evolve 2012,Sport Manitoba,Exhibition,L
#12 M. Pasahol,Dynasty,Evolve 2012,Foul,2026-10-05T16:52:28Z,"#12 M. Pasahol,#15 A. Weekes,#22 J. Castres,#25 M. Jarme,#94 V. Harrison",2026-10-05T16:51:28Z,4,0,B3EAD99B,D4FD54F9,4936F2AF,37358799,,,0,09-25-26 Evolve 2012,09-25-2026,Evolve 2012,Sport Manitoba,Exhibition,L
Evolve 2012,Dynasty,Evolve 2012,OnePointFGMiss,2026-10-05T16:52:42Z,"#12 M. Pasahol,#15 A. Weekes,#22 J. Castres,#25 M. Jarme,#94 V. Harrison",2026-10-05T16:51:28Z,4,1,5329846D,D4FD54F9,4936F2AF,37358799,,,0,09-25-26 Evolve 2012,09-25-2026,Evolve 2012,Sport Manitoba,Exhibition,L
Evolve 2012,Dynasty,Evolve 2012,OnePointFGMiss,2026-10-05T16:52:58Z,"#12 M. Pasahol,#15 A. Weekes,#22 J. Castres,#25 M. Jarme,#94 V. Harrison",2026-10-05T16:51:28Z,4,1,5329846D,D4FD54F9,4936F2AF,37358799,,,0,09-25-26 Evolve 2012,09-25-2026,Evolve 2012,Sport Manitoba,Exhibition,L
#22 J. Castres,Dynasty,Evolve 2012,DefReb,2026-10-05T16:53:06Z,"#12 M. Pasahol,#15 A. Weekes,#22 J. Castres,#25 M. Jarme,#94 V. Harrison",2026-10-05T16:51:28Z,4,0,CAC97357,D4FD54F9,4936F2AF,37358799,,,0,09-25-26 Evolve 2012,09-25-2026,Evolve 2012,Sport Manitoba,Exhibition,L
#12 M. Pasahol,Dynasty,Evolve 2012,TwoPointFG,2026-10-05T16:53:26Z,"#12 M. Pasahol,#15 A. Weekes,#22 J. Castres,#25 M. Jarme,#94 V. Harrison",2026-10-05T16:51:28Z,4,0,B3EAD99B,D4FD54F9,4936F2AF,37358799,32.64,12.34,0,09-25-26 Evolve 2012,09-25-2026,Evolve 2012,Sport Manitoba,Exhibition,L
#25 M. Jarme,Dynasty,Evolve 2012,Assist,2026-10-05T16:53:29Z,"#12 M. Pasahol,#15 A. Weekes,#22 J. Castres,#25 M. Jarme,#94 V. Harrison",2026-10-05T16:51:28Z,4,0,7A8D9B70,D4FD54F9,4936F2AF,37358799,,,0,09-25-26 Evolve 2012,09-25-2026,Evolve 2012,Sport Manitoba,Exhibition,L
Evolve 2012,Dynasty,Evolve 2012,TwoPointFGMiss,2026-10-05T16:53:58Z,"#12 M. Pasahol,#15 A. Weekes,#22 J. Castres,#25 M. Jarme,#94 V. Harrison",2026-10-05T16:51:28Z,4,1,5329846D,D4FD54F9,4936F2AF,37358799,31.39,8.08,0,09-25-26 Evolve 2012,09-25-2026,Evolve 2012,Sport Manitoba,Exhibition,L
Evolve 2012,Dynasty,Evolve 2012,OffReb,2026-10-05T16:53:59Z,"#12 M. Pasahol,#15 A. Weekes,#22 J. Castres,#25 M. Jarme,#94 V. Harrison",2026-10-05T16:51:28Z,4,1,5329846D,D4FD54F9,4936F2AF,37358799,,,0,09-25-26 Evolve 2012,09-25-2026,Evolve 2012,Sport Manitoba,Exhibition,L
#94 V. Harrison,Dynasty,Evolve 2012,Block,2026-10-05T16:54:26Z,"#12 M. Pasahol,#15 A. Weekes,#22 J. Castres,#25 M. Jarme,#94 V. Harrison",2026-10-05T16:51:28Z,4,0,73029EE7,D4FD54F9,4936F2AF,37358799,,,0,09-25-26 Evolve 2012,09-25-2026,Evolve 2012,Sport Manitoba,Exhibition,L
Evolve 2012,Dynasty,Evolve 2012,Foul,2026-10-05T16:54:32Z,"#12 M. Pasahol,#15 A. Weekes,#22 J. Castres,#25 M. Jarme,#94 V. Harrison",2026-10-05T16:51:28Z,4,1,5329846D,D4FD54F9,4936F2AF,37358799,,,0,09-25-26 Evolve 2012,09-25-2026,Evolve 2012,Sport Manitoba,Exhibition,L
#22 J. Castres,Dynasty,Evolve 2012,Turnover,2026-10-05T16:55:18Z,"#12 M. Pasahol,#15 A. Weekes,#22 J. Castres,#25 M. Jarme,#94 V. Harrison",2026-10-05T16:51:28Z,4,0,CAC97357,D4FD54F9,4936F2AF,37358799,,,0,09-25-26 Evolve 2012,09-25-2026,Evolve 2012,Sport Manitoba,Exhibition,L
Evolve 2012,Dynasty,Evolve 2012,TwoPointFGMiss,2026-10-05T16:55:24Z,"#12 M. Pasahol,#15 A. Weekes,#22 J. Castres,#25 M. Jarme,#94 V. Harrison",2026-10-05T16:51:28Z,4,1,5329846D,D4FD54F9,4936F2AF,37358799,18.0,15.39,0,09-25-26 Evolve 2012,09-25-2026,Evolve 2012,Sport Manitoba,Exhibition,L
